-- Arya Pharma Manager backup
-- 2026-07-15T15:07:24+04:30

SET NAMES utf8mb4;
SET FOREIGN_KEY_CHECKS = 0;

DROP TABLE IF EXISTS `audit_logs`;
CREATE TABLE `audit_logs` (
  `id` bigint unsigned NOT NULL AUTO_INCREMENT,
  `user_id` int unsigned DEFAULT NULL,
  `action` varchar(30) COLLATE utf8mb4_unicode_ci NOT NULL,
  `entity` varchar(40) COLLATE utf8mb4_unicode_ci NOT NULL,
  `entity_id` bigint unsigned DEFAULT NULL,
  `old_data` json DEFAULT NULL,
  `new_data` json DEFAULT NULL,
  `ip_address` varchar(45) COLLATE utf8mb4_unicode_ci DEFAULT NULL,
  `created_at` datetime NOT NULL DEFAULT CURRENT_TIMESTAMP,
  PRIMARY KEY (`id`),
  KEY `idx_audit_entity` (`entity`,`entity_id`),
  KEY `idx_audit_user_date` (`user_id`,`created_at`),
  CONSTRAINT `fk_audit_user` FOREIGN KEY (`user_id`) REFERENCES `users` (`id`) ON DELETE SET NULL
) ENGINE=InnoDB AUTO_INCREMENT=67 DEFAULT CHARSET=utf8mb4 COLLATE=utf8mb4_unicode_ci;

INSERT INTO `audit_logs` VALUES
('1','4','logout','users','4',NULL,NULL,'::1','2026-07-14 09:33:55'),
('2','1','login','users','1',NULL,NULL,'::1','2026-07-14 09:34:01'),
('3','1','create','sales','1',NULL,'{\"id\": 1, \"held\": false, \"change\": 0, \"grand_total\": 285, \"invoice_number\": \"SAL-2026-00001\", \"total_discount\": 0, \"invoice_discount\": 0}','::1','2026-07-14 09:34:52'),
('4','1','logout','users','1',NULL,NULL,'::1','2026-07-14 09:42:16'),
('5','3','login','users','3',NULL,NULL,'::1','2026-07-14 09:42:53'),
('6','3','logout','users','3',NULL,NULL,'::1','2026-07-14 09:43:16'),
('7','4','login','users','4',NULL,NULL,'::1','2026-07-14 09:43:21'),
('8','4','logout','users','4',NULL,NULL,'::1','2026-07-14 09:44:02'),
('9','2','login','users','2',NULL,NULL,'::1','2026-07-14 09:44:08'),
('10','2','logout','users','2',NULL,NULL,'::1','2026-07-14 09:44:30'),
('11','1','login','users','1',NULL,NULL,'::1','2026-07-14 09:44:34'),
('12','1','login','users','1',NULL,NULL,'192.168.0.102','2026-07-14 09:47:45'),
('13','1','create','sales','2',NULL,'{\"id\": 2, \"held\": false, \"change\": 0, \"grand_total\": 25, \"invoice_number\": \"SAL-2026-00002\", \"total_discount\": 0, \"invoice_discount\": 0}','::1','2026-07-14 09:49:50'),
('14','1','print','sales','2',NULL,'{\"receipt\": true}','::1','2026-07-14 09:50:03'),
('15','1','print','sales','2',NULL,'{\"receipt\": true}','::1','2026-07-14 09:50:46'),
('16','1','print','sales','2',NULL,'{\"receipt\": true}','::1','2026-07-14 09:51:02'),
('17','1','print','sales','2',NULL,'{\"receipt\": true}','::1','2026-07-14 09:51:09'),
('18','1','hold','sales','3',NULL,'{\"id\": 3, \"held\": true}','::1','2026-07-14 23:28:34'),
('19','1','create','sales','4',NULL,'{\"id\": 4, \"held\": false, \"change\": 0, \"grand_total\": 216, \"invoice_number\": \"SAL-2026-00004\", \"total_discount\": 0, \"invoice_discount\": 0}','::1','2026-07-14 23:29:07'),
('20','1','logout','users','1',NULL,NULL,'::1','2026-07-14 23:31:35'),
('21','1','login','users','1',NULL,NULL,'::1','2026-07-14 23:31:39'),
('22','1','create','suppliers','7',NULL,'{\"name\": \"Khan Sehat Ltd\", \"email\": \"info@khansehat.com\", \"notes\": null, \"phone\": \"1234567890\", \"status\": 1, \"address\": \"Chaman-e-Huzoro\", \"contact_person\": \"Saleem Khan\"}','::1','2026-07-14 23:37:29'),
('23','1','create','categories','21',NULL,'{\"icon\": \"cap\", \"name\": \"Intermed\", \"color\": \"#7b0e24\", \"status\": 1, \"name_fa\": \"انترمد\", \"parent_id\": null, \"sort_order\": 0}','::1','2026-07-14 23:38:47'),
('24','1','update','categories','12',NULL,'{\"icon\": null, \"name\": \"Ophthalmic & ENT\", \"color\": \"#0e7a5f\", \"status\": 1, \"name_fa\": null, \"parent_id\": null, \"sort_order\": 0}','::1','2026-07-14 23:38:56'),
('25','1','update','categories','21',NULL,'{\"icon\": \"shield\", \"name\": \"Intermed\", \"color\": \"#7b0e24\", \"status\": 1, \"name_fa\": \"انترمد\", \"parent_id\": null, \"sort_order\": 0}','::1','2026-07-14 23:39:08'),
('26','1','create','products','101',NULL,'{\"duplicated_from\": 78}','::1','2026-07-14 23:40:51'),
('27','1','create','products','102',NULL,'{\"duplicated_from\": 78}','::1','2026-07-14 23:40:53'),
('28','1','delete','products','101','{\"id\": 101, \"unit\": \"tube\", \"status\": \"active\", \"barcode\": null, \"location\": \"E-2\", \"quantity\": 0, \"brand_name\": \"GSK (Zovirax)\", \"created_at\": \"2026-07-14 23:40:51\", \"created_by\": 1, \"deleted_at\": null, \"image_path\": null, \"updated_at\": \"2026-07-14 23:40:51\", \"category_id\": 8, \"description\": null, \"supplier_id\": 5, \"average_cost\": \"87.1489\", \"generic_name\": \"Acyclovir\", \"max_quantity\": 120, \"min_quantity\": 15, \"product_code\": \"MED-00101\", \"medicine_name\": \"Acyclovir Cream 5g (copy)\", \"selling_price\": \"140.00\", \"purchase_price\": \"90.00\", \"subcategory_id\": null}',NULL,'::1','2026-07-14 23:40:55'),
('29','1','delete','products','102','{\"id\": 102, \"unit\": \"tube\", \"status\": \"active\", \"barcode\": null, \"location\": \"E-2\", \"quantity\": 0, \"brand_name\": \"GSK (Zovirax)\", \"created_at\": \"2026-07-14 23:40:53\", \"created_by\": 1, \"deleted_at\": null, \"image_path\": null, \"updated_at\": \"2026-07-14 23:40:53\", \"category_id\": 8, \"description\": null, \"supplier_id\": 5, \"average_cost\": \"87.1489\", \"generic_name\": \"Acyclovir\", \"max_quantity\": 120, \"min_quantity\": 15, \"product_code\": \"MED-00102\", \"medicine_name\": \"Acyclovir Cream 5g (copy)\", \"selling_price\": \"140.00\", \"purchase_price\": \"90.00\", \"subcategory_id\": null}',NULL,'::1','2026-07-14 23:40:58'),
('30','1','create','products','103',NULL,'{\"duplicated_from\": 78}','::1','2026-07-14 23:41:39'),
('31','1','delete','products','103','{\"id\": 103, \"unit\": \"tube\", \"status\": \"active\", \"barcode\": null, \"location\": \"E-2\", \"quantity\": 0, \"brand_name\": \"GSK (Zovirax)\", \"created_at\": \"2026-07-14 23:41:39\", \"created_by\": 1, \"deleted_at\": null, \"image_path\": null, \"updated_at\": \"2026-07-14 23:41:39\", \"category_id\": 8, \"description\": null, \"supplier_id\": 5, \"average_cost\": \"87.1489\", \"generic_name\": \"Acyclovir\", \"max_quantity\": 120, \"min_quantity\": 15, \"product_code\": \"MED-00103\", \"medicine_name\": \"Acyclovir Cream 5g (copy)\", \"selling_price\": \"140.00\", \"purchase_price\": \"90.00\", \"subcategory_id\": null}',NULL,'::1','2026-07-14 23:41:43'),
('32','1','create','products','104',NULL,'{\"unit\": \"box\", \"barcode\": null, \"location\": null, \"brand_name\": null, \"category_id\": 21, \"description\": null, \"supplier_id\": 7, \"generic_name\": \"Khan Lotions\", \"max_quantity\": 0, \"min_quantity\": 1, \"medicine_name\": \"Khan Lotions\", \"selling_price\": 20, \"purchase_price\": 10, \"subcategory_id\": null}','::1','2026-07-14 23:43:39'),
('33','1','create','sales','5',NULL,'{\"id\": 5, \"held\": false, \"change\": 0, \"grand_total\": 180, \"invoice_number\": \"SAL-2026-00005\", \"total_discount\": 0, \"invoice_discount\": 0}','::1','2026-07-14 23:45:13'),
('34','1','logout','users','1',NULL,NULL,'::1','2026-07-15 13:44:03'),
('35','3','login','users','3',NULL,NULL,'::1','2026-07-15 13:44:24'),
('36','3','logout','users','3',NULL,NULL,'::1','2026-07-15 13:44:48'),
('37','2','login','users','2',NULL,NULL,'::1','2026-07-15 13:44:53'),
('38','2','logout','users','2',NULL,NULL,'::1','2026-07-15 13:45:18'),
('39','4','login','users','4',NULL,NULL,'::1','2026-07-15 13:45:24'),
('40','4','print','sales','5',NULL,'{\"receipt\": true}','::1','2026-07-15 13:45:34'),
('41','4','logout','users','4',NULL,NULL,'::1','2026-07-15 13:46:30'),
('42','1','login','users','1',NULL,NULL,'::1','2026-07-15 13:46:35'),
('43','1','update','settings',NULL,NULL,'{\"logo_path\": \"uploads/branding/20260715-135708-16369651.png\"}','::1','2026-07-15 13:57:08'),
('44','1','update','settings',NULL,NULL,'{\"theme\": \"light\", \"currency\": \"AFN\", \"language\": \"en\", \"pharmacy_name\": \"Afghan Pharma\", \"pharmacy_email\": \"shahpuor.aryaee@hotmail.com\", \"pharmacy_phone\": \"0776122898\", \"receipt_footer\": \"Thank you — get well soon!\", \"currency_symbol\": \"\", \"hold_expire_days\": \"7\", \"pharmacy_address\": \"Apt 66, Building 21, 3rd Makroray, PD9\", \"pharmacy_name_fa\": \"افغان فارما\", \"expiry_warning_days\": \"90\", \"low_stock_threshold\": \"100\", \"max_discount_percent\": \"10\"}','::1','2026-07-15 13:57:40'),
('45','1','print','sales','5',NULL,'{\"receipt\": true}','::1','2026-07-15 13:57:51'),
('46','1','logout','users','1',NULL,NULL,'::1','2026-07-15 14:03:09'),
('47','3','login','users','3',NULL,NULL,'::1','2026-07-15 14:12:25'),
('48','3','logout','users','3',NULL,NULL,'::1','2026-07-15 14:13:36'),
('49','1','login','users','1',NULL,NULL,'::1','2026-07-15 14:13:41'),
('50','1','logout','users','1',NULL,NULL,'::1','2026-07-15 14:14:00'),
('51','3','login','users','3',NULL,NULL,'::1','2026-07-15 14:14:05'),
('52','3','logout','users','3',NULL,NULL,'::1','2026-07-15 14:17:55'),
('53','1','login','users','1',NULL,NULL,'::1','2026-07-15 14:18:01'),
('54','1','logout','users','1',NULL,NULL,'::1','2026-07-15 14:25:42'),
('55','3','login','users','3',NULL,NULL,'::1','2026-07-15 14:25:47'),
('56','3','logout','users','3',NULL,NULL,'::1','2026-07-15 14:26:21'),
('57','1','login','users','1',NULL,NULL,'::1','2026-07-15 14:26:26'),
('58','1','logout','users','1',NULL,NULL,'::1','2026-07-15 14:40:55'),
('59','3','login','users','3',NULL,NULL,'::1','2026-07-15 14:41:00'),
('60','3','create','sales','6',NULL,'{\"id\": 6, \"held\": false, \"change\": 0, \"grand_total\": 26, \"invoice_number\": \"SAL-2026-00006\", \"total_discount\": 0, \"invoice_discount\": 0}','::1','2026-07-15 14:41:30'),
('61','3','print','sales','6',NULL,'{\"receipt\": true}','::1','2026-07-15 14:41:55'),
('62','3','print','sales','6',NULL,'{\"receipt\": true}','::1','2026-07-15 14:42:06'),
('63','3','create','sales','7',NULL,'{\"id\": 7, \"held\": false, \"change\": 0, \"grand_total\": 17, \"invoice_number\": \"SAL-2026-00007\", \"total_discount\": 0, \"invoice_discount\": 0}','::1','2026-07-15 14:44:47'),
('64','3','return','sales','7',NULL,'{\"id\": 1, \"refund_total\": 17, \"return_number\": \"RTN-2026-00001\"}','::1','2026-07-15 14:59:52'),
('65','3','logout','users','3',NULL,NULL,'::1','2026-07-15 15:07:14'),
('66','1','login','users','1',NULL,NULL,'::1','2026-07-15 15:07:20');

DROP TABLE IF EXISTS `backups`;
CREATE TABLE `backups` (
  `id` int unsigned NOT NULL AUTO_INCREMENT,
  `filename` varchar(190) COLLATE utf8mb4_unicode_ci NOT NULL,
  `size_bytes` bigint unsigned NOT NULL DEFAULT '0',
  `mode` enum('manual','automatic') COLLATE utf8mb4_unicode_ci NOT NULL DEFAULT 'manual',
  `method` enum('mysqldump','php') COLLATE utf8mb4_unicode_ci NOT NULL DEFAULT 'php',
  `created_by` int unsigned DEFAULT NULL,
  `created_at` datetime NOT NULL DEFAULT CURRENT_TIMESTAMP,
  PRIMARY KEY (`id`),
  KEY `fk_backup_user` (`created_by`),
  CONSTRAINT `fk_backup_user` FOREIGN KEY (`created_by`) REFERENCES `users` (`id`) ON DELETE SET NULL
) ENGINE=InnoDB DEFAULT CHARSET=utf8mb4 COLLATE=utf8mb4_unicode_ci;


DROP TABLE IF EXISTS `categories`;
CREATE TABLE `categories` (
  `id` int unsigned NOT NULL AUTO_INCREMENT,
  `parent_id` int unsigned DEFAULT NULL,
  `name` varchar(100) COLLATE utf8mb4_unicode_ci NOT NULL,
  `name_fa` varchar(100) COLLATE utf8mb4_unicode_ci DEFAULT NULL,
  `icon` varchar(30) COLLATE utf8mb4_unicode_ci DEFAULT NULL,
  `color` char(7) COLLATE utf8mb4_unicode_ci DEFAULT NULL,
  `sort_order` int NOT NULL DEFAULT '0',
  `status` tinyint(1) NOT NULL DEFAULT '1',
  `created_at` datetime NOT NULL DEFAULT CURRENT_TIMESTAMP,
  `updated_at` datetime NOT NULL DEFAULT CURRENT_TIMESTAMP ON UPDATE CURRENT_TIMESTAMP,
  `deleted_at` datetime DEFAULT NULL,
  PRIMARY KEY (`id`),
  KEY `idx_cat_parent` (`parent_id`),
  KEY `idx_cat_name` (`name`),
  CONSTRAINT `fk_cat_parent` FOREIGN KEY (`parent_id`) REFERENCES `categories` (`id`) ON DELETE SET NULL
) ENGINE=InnoDB AUTO_INCREMENT=22 DEFAULT CHARSET=utf8mb4 COLLATE=utf8mb4_unicode_ci;

INSERT INTO `categories` VALUES
('1',NULL,'Antibiotics',NULL,NULL,NULL,'1','1','2026-07-14 09:29:38','2026-07-14 09:29:38',NULL),
('2',NULL,'Analgesics & Antipyretics',NULL,NULL,NULL,'2','1','2026-07-14 09:29:38','2026-07-14 09:29:38',NULL),
('3',NULL,'Gastrointestinal',NULL,NULL,NULL,'3','1','2026-07-14 09:29:38','2026-07-14 09:29:38',NULL),
('4',NULL,'Cardiovascular',NULL,NULL,NULL,'4','1','2026-07-14 09:29:38','2026-07-14 09:29:38',NULL),
('5',NULL,'Diabetes',NULL,NULL,NULL,'5','1','2026-07-14 09:29:38','2026-07-14 09:29:38',NULL),
('6',NULL,'Respiratory',NULL,NULL,NULL,'6','1','2026-07-14 09:29:38','2026-07-14 09:29:38',NULL),
('7',NULL,'Vitamins & Supplements',NULL,NULL,NULL,'7','1','2026-07-14 09:29:38','2026-07-14 09:29:38',NULL),
('8',NULL,'Dermatology',NULL,NULL,NULL,'8','1','2026-07-14 09:29:38','2026-07-14 09:29:38',NULL),
('9',NULL,'Syrups & Suspensions',NULL,NULL,NULL,'9','1','2026-07-14 09:29:38','2026-07-14 09:29:38',NULL),
('10',NULL,'Injections',NULL,NULL,NULL,'10','1','2026-07-14 09:29:38','2026-07-14 09:29:38',NULL),
('11',NULL,'Medical Supplies',NULL,NULL,NULL,'11','1','2026-07-14 09:29:38','2026-07-14 09:29:38',NULL),
('12',NULL,'Ophthalmic & ENT',NULL,NULL,'#0e7a5f','0','1','2026-07-14 09:29:38','2026-07-14 23:38:56',NULL),
('13','1','Penicillins',NULL,NULL,NULL,'13','1','2026-07-14 09:29:38','2026-07-14 09:29:38',NULL),
('14','1','Cephalosporins',NULL,NULL,NULL,'14','1','2026-07-14 09:29:38','2026-07-14 09:29:38',NULL),
('15','1','Macrolides',NULL,NULL,NULL,'15','1','2026-07-14 09:29:38','2026-07-14 09:29:38',NULL),
('16','2','NSAIDs',NULL,NULL,NULL,'16','1','2026-07-14 09:29:38','2026-07-14 09:29:38',NULL),
('17','3','Antacids & PPIs',NULL,NULL,NULL,'17','1','2026-07-14 09:29:38','2026-07-14 09:29:38',NULL),
('18','6','Antihistamines',NULL,NULL,NULL,'18','1','2026-07-14 09:29:38','2026-07-14 09:29:38',NULL),
('19','7','Multivitamins',NULL,NULL,NULL,'19','1','2026-07-14 09:29:38','2026-07-14 09:29:38',NULL),
('20','11','First Aid',NULL,NULL,NULL,'20','1','2026-07-14 09:29:38','2026-07-14 09:29:38',NULL),
('21',NULL,'Intermed','انترمد','shield','#7b0e24','0','1','2026-07-14 23:38:47','2026-07-14 23:39:08',NULL);

DROP TABLE IF EXISTS `expense_categories`;
CREATE TABLE `expense_categories` (
  `id` int unsigned NOT NULL AUTO_INCREMENT,
  `name` varchar(80) COLLATE utf8mb4_unicode_ci NOT NULL,
  `status` tinyint(1) NOT NULL DEFAULT '1',
  PRIMARY KEY (`id`),
  UNIQUE KEY `uq_expcat_name` (`name`)
) ENGINE=InnoDB AUTO_INCREMENT=13 DEFAULT CHARSET=utf8mb4 COLLATE=utf8mb4_unicode_ci;

INSERT INTO `expense_categories` VALUES
('1','Rent','1'),
('2','Salary','1'),
('3','Electricity','1'),
('4','Internet','1'),
('5','Water','1'),
('6','Transport','1'),
('7','Marketing','1'),
('8','Maintenance','1'),
('9','Cleaning','1'),
('10','Stationery','1'),
('11','Tax','1'),
('12','Miscellaneous','1');

DROP TABLE IF EXISTS `expenses`;
CREATE TABLE `expenses` (
  `id` int unsigned NOT NULL AUTO_INCREMENT,
  `expense_category_id` int unsigned NOT NULL,
  `amount` decimal(12,2) NOT NULL,
  `expense_date` date NOT NULL,
  `description` varchar(255) COLLATE utf8mb4_unicode_ci DEFAULT NULL,
  `paid_by` varchar(120) COLLATE utf8mb4_unicode_ci DEFAULT NULL,
  `attachment_path` varchar(255) COLLATE utf8mb4_unicode_ci DEFAULT NULL,
  `created_by` int unsigned DEFAULT NULL,
  `created_at` datetime NOT NULL DEFAULT CURRENT_TIMESTAMP,
  `updated_at` datetime NOT NULL DEFAULT CURRENT_TIMESTAMP ON UPDATE CURRENT_TIMESTAMP,
  `deleted_at` datetime DEFAULT NULL,
  PRIMARY KEY (`id`),
  KEY `idx_exp_date` (`expense_date`),
  KEY `idx_exp_cat` (`expense_category_id`),
  KEY `fk_exp_user` (`created_by`),
  CONSTRAINT `fk_exp_cat` FOREIGN KEY (`expense_category_id`) REFERENCES `expense_categories` (`id`),
  CONSTRAINT `fk_exp_user` FOREIGN KEY (`created_by`) REFERENCES `users` (`id`) ON DELETE SET NULL
) ENGINE=InnoDB AUTO_INCREMENT=15 DEFAULT CHARSET=utf8mb4 COLLATE=utf8mb4_unicode_ci;

INSERT INTO `expenses` VALUES
('1','1','25000.00','2026-07-01','Shop rent — Saratan','Nadia Rahimi',NULL,'1','2026-07-14 09:29:38','2026-07-14 09:29:38',NULL),
('2','2','18000.00','2026-07-02','Staff salary — Jawed','Nadia Rahimi',NULL,'1','2026-07-14 09:29:38','2026-07-14 09:29:38',NULL),
('3','2','16000.00','2026-07-02','Staff salary — Zahra','Nadia Rahimi',NULL,'1','2026-07-14 09:29:38','2026-07-14 09:29:38',NULL),
('4','3','2300.00','2026-07-08','Electricity bill','Farid Ahmadi',NULL,'1','2026-07-14 09:29:38','2026-07-14 09:29:38',NULL),
('5','4','1200.00','2026-07-03','Internet monthly package','Farid Ahmadi',NULL,'1','2026-07-14 09:29:38','2026-07-14 09:29:38',NULL),
('6','6','850.00','2026-07-12','Stock transport from Kabul','Nadia Rahimi',NULL,'1','2026-07-14 09:29:38','2026-07-14 09:29:38',NULL),
('7','6','1400.00','2026-06-29','Transport — Herat shipment','Jawed Karimi',NULL,'1','2026-07-14 09:29:38','2026-07-14 09:29:38',NULL),
('8','9','600.00','2026-07-06','Shop cleaning supplies','Jawed Karimi',NULL,'1','2026-07-14 09:29:38','2026-07-14 09:29:38',NULL),
('9','10','450.00','2026-06-25','Receipt books and pens','Zahra Noori',NULL,'1','2026-07-14 09:29:38','2026-07-14 09:29:38',NULL),
('10','8','2000.00','2026-06-21','Refrigerator maintenance','Farid Ahmadi',NULL,'1','2026-07-14 09:29:38','2026-07-14 09:29:38',NULL),
('11','7','1500.00','2026-06-18','Signboard repainting','Nadia Rahimi',NULL,'1','2026-07-14 09:29:38','2026-07-14 09:29:38',NULL),
('12','5','300.00','2026-07-01','Water bill','Farid Ahmadi',NULL,'1','2026-07-14 09:29:38','2026-07-14 09:29:38',NULL),
('13','1','25000.00','2026-06-01','Shop rent — Jawza','Nadia Rahimi',NULL,'1','2026-07-14 09:29:38','2026-07-14 09:29:38',NULL),
('14','2','34000.00','2026-06-02','Staff salaries — Jawza','Nadia Rahimi',NULL,'1','2026-07-14 09:29:38','2026-07-14 09:29:38',NULL);

DROP TABLE IF EXISTS `income_categories`;
CREATE TABLE `income_categories` (
  `id` int unsigned NOT NULL AUTO_INCREMENT,
  `name` varchar(80) COLLATE utf8mb4_unicode_ci NOT NULL,
  `status` tinyint(1) NOT NULL DEFAULT '1',
  PRIMARY KEY (`id`),
  UNIQUE KEY `uq_inccat_name` (`name`)
) ENGINE=InnoDB AUTO_INCREMENT=6 DEFAULT CHARSET=utf8mb4 COLLATE=utf8mb4_unicode_ci;

INSERT INTO `income_categories` VALUES
('1','Medicine Sales','1'),
('2','Delivery','1'),
('3','Consultation','1'),
('4','Other','1');

DROP TABLE IF EXISTS `incomes`;
CREATE TABLE `incomes` (
  `id` int unsigned NOT NULL AUTO_INCREMENT,
  `income_category_id` int unsigned NOT NULL,
  `amount` decimal(12,2) NOT NULL,
  `income_date` date NOT NULL,
  `description` varchar(255) COLLATE utf8mb4_unicode_ci DEFAULT NULL,
  `created_by` int unsigned DEFAULT NULL,
  `created_at` datetime NOT NULL DEFAULT CURRENT_TIMESTAMP,
  `updated_at` datetime NOT NULL DEFAULT CURRENT_TIMESTAMP ON UPDATE CURRENT_TIMESTAMP,
  `deleted_at` datetime DEFAULT NULL,
  PRIMARY KEY (`id`),
  KEY `idx_inc_date` (`income_date`),
  KEY `idx_inc_cat` (`income_category_id`),
  KEY `fk_inc_user` (`created_by`),
  CONSTRAINT `fk_inc_cat` FOREIGN KEY (`income_category_id`) REFERENCES `income_categories` (`id`),
  CONSTRAINT `fk_inc_user` FOREIGN KEY (`created_by`) REFERENCES `users` (`id`) ON DELETE SET NULL
) ENGINE=InnoDB AUTO_INCREMENT=68 DEFAULT CHARSET=utf8mb4 COLLATE=utf8mb4_unicode_ci;

INSERT INTO `incomes` VALUES
('1','1','13230.00','2026-05-28','Daily counter sales','1','2026-07-14 09:29:38','2026-07-14 09:29:38',NULL),
('2','3','1145.00','2026-05-28','Blood pressure / sugar checks','1','2026-07-14 09:29:38','2026-07-14 09:29:38',NULL),
('3','1','12522.00','2026-05-29','Daily counter sales','1','2026-07-14 09:29:38','2026-07-14 09:29:38',NULL),
('4','1','15625.00','2026-05-30','Daily counter sales','1','2026-07-14 09:29:38','2026-07-14 09:29:38',NULL),
('5','1','17310.00','2026-05-31','Daily counter sales','1','2026-07-14 09:29:38','2026-07-14 09:29:38',NULL),
('6','2','455.00','2026-05-31','Home delivery charges','1','2026-07-14 09:29:38','2026-07-14 09:29:38',NULL),
('7','1','17616.00','2026-06-01','Daily counter sales','1','2026-07-14 09:29:38','2026-07-14 09:29:38',NULL),
('8','1','20037.00','2026-06-02','Daily counter sales','1','2026-07-14 09:29:38','2026-07-14 09:29:38',NULL),
('9','1','12023.00','2026-06-03','Daily counter sales','1','2026-07-14 09:29:38','2026-07-14 09:29:38',NULL),
('10','1','18584.00','2026-06-04','Daily counter sales','1','2026-07-14 09:29:38','2026-07-14 09:29:38',NULL),
('11','1','16464.00','2026-06-05','Daily counter sales','1','2026-07-14 09:29:38','2026-07-14 09:29:38',NULL),
('12','1','13273.00','2026-06-06','Daily counter sales','1','2026-07-14 09:29:38','2026-07-14 09:29:38',NULL),
('13','2','816.00','2026-06-06','Home delivery charges','1','2026-07-14 09:29:38','2026-07-14 09:29:38',NULL),
('14','3','1126.00','2026-06-06','Blood pressure / sugar checks','1','2026-07-14 09:29:38','2026-07-14 09:29:38',NULL),
('15','1','17211.00','2026-06-07','Daily counter sales','1','2026-07-14 09:29:38','2026-07-14 09:29:38',NULL),
('16','1','11143.00','2026-06-08','Daily counter sales','1','2026-07-14 09:29:38','2026-07-14 09:29:38',NULL),
('17','1','13806.00','2026-06-09','Daily counter sales','1','2026-07-14 09:29:38','2026-07-14 09:29:38',NULL),
('18','1','13343.00','2026-06-10','Daily counter sales','1','2026-07-14 09:29:38','2026-07-14 09:29:38',NULL),
('19','1','20628.00','2026-06-11','Daily counter sales','1','2026-07-14 09:29:38','2026-07-14 09:29:38',NULL),
('20','1','11736.00','2026-06-12','Daily counter sales','1','2026-07-14 09:29:38','2026-07-14 09:29:38',NULL),
('21','2','309.00','2026-06-12','Home delivery charges','1','2026-07-14 09:29:38','2026-07-14 09:29:38',NULL),
('22','1','19453.00','2026-06-13','Daily counter sales','1','2026-07-14 09:29:38','2026-07-14 09:29:38',NULL),
('23','1','16536.00','2026-06-14','Daily counter sales','1','2026-07-14 09:29:38','2026-07-14 09:29:38',NULL),
('24','1','19479.00','2026-06-15','Daily counter sales','1','2026-07-14 09:29:38','2026-07-14 09:29:38',NULL),
('25','3','523.00','2026-06-15','Blood pressure / sugar checks','1','2026-07-14 09:29:38','2026-07-14 09:29:38',NULL),
('26','1','12648.00','2026-06-16','Daily counter sales','1','2026-07-14 09:29:38','2026-07-14 09:29:38',NULL),
('27','1','18478.00','2026-06-17','Daily counter sales','1','2026-07-14 09:29:38','2026-07-14 09:29:38',NULL),
('28','1','11811.00','2026-06-18','Daily counter sales','1','2026-07-14 09:29:38','2026-07-14 09:29:38',NULL),
('29','2','872.00','2026-06-18','Home delivery charges','1','2026-07-14 09:29:38','2026-07-14 09:29:38',NULL),
('30','1','14930.00','2026-06-19','Daily counter sales','1','2026-07-14 09:29:38','2026-07-14 09:29:38',NULL),
('31','1','15862.00','2026-06-20','Daily counter sales','1','2026-07-14 09:29:38','2026-07-14 09:29:38',NULL),
('32','1','19906.00','2026-06-21','Daily counter sales','1','2026-07-14 09:29:38','2026-07-14 09:29:38',NULL),
('33','1','14051.00','2026-06-22','Daily counter sales','1','2026-07-14 09:29:38','2026-07-14 09:29:38',NULL),
('34','1','11987.00','2026-06-23','Daily counter sales','1','2026-07-14 09:29:38','2026-07-14 09:29:38',NULL),
('35','1','13634.00','2026-06-24','Daily counter sales','1','2026-07-14 09:29:38','2026-07-14 09:29:38',NULL),
('36','2','492.00','2026-06-24','Home delivery charges','1','2026-07-14 09:29:38','2026-07-14 09:29:38',NULL),
('37','3','633.00','2026-06-24','Blood pressure / sugar checks','1','2026-07-14 09:29:38','2026-07-14 09:29:38',NULL),
('38','1','11161.00','2026-06-25','Daily counter sales','1','2026-07-14 09:29:38','2026-07-14 09:29:38',NULL),
('39','1','11593.00','2026-06-26','Daily counter sales','1','2026-07-14 09:29:38','2026-07-14 09:29:38',NULL),
('40','1','19510.00','2026-06-27','Daily counter sales','1','2026-07-14 09:29:38','2026-07-14 09:29:38',NULL),
('41','1','15617.00','2026-06-28','Daily counter sales','1','2026-07-14 09:29:38','2026-07-14 09:29:38',NULL),
('42','1','14993.00','2026-06-29','Daily counter sales','1','2026-07-14 09:29:38','2026-07-14 09:29:38',NULL),
('43','1','11334.00','2026-06-30','Daily counter sales','1','2026-07-14 09:29:38','2026-07-14 09:29:38',NULL),
('44','2','387.00','2026-06-30','Home delivery charges','1','2026-07-14 09:29:38','2026-07-14 09:29:38',NULL),
('45','1','17109.00','2026-07-01','Daily counter sales','1','2026-07-14 09:29:38','2026-07-14 09:29:38',NULL),
('46','1','13921.00','2026-07-02','Daily counter sales','1','2026-07-14 09:29:38','2026-07-14 09:29:38',NULL),
('47','1','16879.00','2026-07-03','Daily counter sales','1','2026-07-14 09:29:38','2026-07-14 09:29:38',NULL),
('48','3','1043.00','2026-07-03','Blood pressure / sugar checks','1','2026-07-14 09:29:38','2026-07-14 09:29:38',NULL),
('49','1','11503.00','2026-07-04','Daily counter sales','1','2026-07-14 09:29:38','2026-07-14 09:29:38',NULL),
('50','1','20749.00','2026-07-05','Daily counter sales','1','2026-07-14 09:29:38','2026-07-14 09:29:38',NULL),
('51','1','12015.00','2026-07-06','Daily counter sales','1','2026-07-14 09:29:38','2026-07-14 09:29:38',NULL),
('52','2','824.00','2026-07-06','Home delivery charges','1','2026-07-14 09:29:38','2026-07-14 09:29:38',NULL),
('53','1','11263.00','2026-07-07','Daily counter sales','1','2026-07-14 09:29:38','2026-07-14 09:29:38',NULL),
('54','1','16599.00','2026-07-08','Daily counter sales','1','2026-07-14 09:29:38','2026-07-14 09:29:38',NULL),
('55','1','13141.00','2026-07-09','Daily counter sales','1','2026-07-14 09:29:38','2026-07-14 09:29:38',NULL),
('56','1','16531.00','2026-07-10','Daily counter sales','1','2026-07-14 09:29:38','2026-07-14 09:29:38',NULL),
('57','1','12158.00','2026-07-11','Daily counter sales','1','2026-07-14 09:29:38','2026-07-14 09:29:38',NULL),
('58','1','18611.00','2026-07-12','Daily counter sales','1','2026-07-14 09:29:38','2026-07-14 09:29:38',NULL),
('59','2','732.00','2026-07-12','Home delivery charges','1','2026-07-14 09:29:38','2026-07-14 09:29:38',NULL),
('60','3','982.00','2026-07-12','Blood pressure / sugar checks','1','2026-07-14 09:29:38','2026-07-14 09:29:38',NULL),
('61','1','285.00','2026-07-14','POS sale SAL-2026-00001','1','2026-07-14 09:34:52','2026-07-14 09:34:52',NULL),
('62','1','25.00','2026-07-14','POS sale SAL-2026-00002','1','2026-07-14 09:49:50','2026-07-14 09:49:50',NULL),
('63','1','216.00','2026-07-14','POS sale SAL-2026-00004','1','2026-07-14 23:29:07','2026-07-14 23:29:07',NULL),
('64','1','180.00','2026-07-14','POS sale SAL-2026-00005','1','2026-07-14 23:45:13','2026-07-14 23:45:13',NULL),
('65','1','26.00','2026-07-15','POS sale SAL-2026-00006','3','2026-07-15 14:41:30','2026-07-15 14:41:30',NULL),
('66','1','17.00','2026-07-15','POS sale SAL-2026-00007','3','2026-07-15 14:44:47','2026-07-15 14:44:47',NULL),
('67','1','-17.00','2026-07-15','POS return RTN-2026-00001 for SAL-2026-00007','3','2026-07-15 14:59:52','2026-07-15 14:59:52',NULL);

DROP TABLE IF EXISTS `inventory_movements`;
CREATE TABLE `inventory_movements` (
  `id` bigint unsigned NOT NULL AUTO_INCREMENT,
  `product_id` int unsigned NOT NULL,
  `batch_id` int unsigned DEFAULT NULL,
  `movement_type` enum('initial','purchase','sale','adjustment','damage','expired','lost','return') COLLATE utf8mb4_unicode_ci NOT NULL,
  `quantity_change` int NOT NULL,
  `quantity_after` int NOT NULL,
  `reference_type` varchar(30) COLLATE utf8mb4_unicode_ci DEFAULT NULL,
  `reference_id` int unsigned DEFAULT NULL,
  `note` varchar(255) COLLATE utf8mb4_unicode_ci DEFAULT NULL,
  `created_by` int unsigned DEFAULT NULL,
  `created_at` datetime NOT NULL DEFAULT CURRENT_TIMESTAMP,
  PRIMARY KEY (`id`),
  KEY `idx_im_product_date` (`product_id`,`created_at`),
  KEY `idx_im_type` (`movement_type`),
  KEY `idx_im_ref` (`reference_type`,`reference_id`),
  KEY `idx_im_date` (`created_at`),
  KEY `fk_im_batch` (`batch_id`),
  KEY `fk_im_user` (`created_by`),
  CONSTRAINT `fk_im_batch` FOREIGN KEY (`batch_id`) REFERENCES `product_batches` (`id`) ON DELETE SET NULL,
  CONSTRAINT `fk_im_product` FOREIGN KEY (`product_id`) REFERENCES `products` (`id`) ON DELETE CASCADE,
  CONSTRAINT `fk_im_user` FOREIGN KEY (`created_by`) REFERENCES `users` (`id`) ON DELETE SET NULL
) ENGINE=InnoDB AUTO_INCREMENT=115 DEFAULT CHARSET=utf8mb4 COLLATE=utf8mb4_unicode_ci;

INSERT INTO `inventory_movements` VALUES
('1','1','1','initial','100','100','seed',NULL,'Opening stock','1','2026-03-25 09:00:00'),
('2','2','2','initial','101','101','seed',NULL,'Opening stock','1','2026-06-02 09:00:00'),
('3','3','3','initial','143','143','seed',NULL,'Opening stock','1','2026-05-17 09:00:00'),
('4','4','4','initial','154','154','seed',NULL,'Opening stock','1','2026-06-14 09:00:00'),
('5','5','5','initial','152','152','seed',NULL,'Opening stock','1','2026-06-08 09:00:00'),
('6','6','6','initial','165','165','seed',NULL,'Opening stock','1','2026-06-11 09:00:00'),
('7','7','7','initial','2','2','seed',NULL,'Opening stock','1','2026-04-11 09:00:00'),
('8','8','8','initial','209','209','seed',NULL,'Opening stock','1','2026-05-02 09:00:00'),
('9','9','9','initial','349','349','seed',NULL,'Opening stock','1','2026-04-16 09:00:00'),
('10','10','10','initial','155','155','seed',NULL,'Opening stock','1','2026-06-01 09:00:00'),
('11','11','11','initial','151','151','seed',NULL,'Opening stock','1','2026-06-12 09:00:00'),
('12','12','12','initial','363','363','seed',NULL,'Opening stock','1','2026-06-17 09:00:00'),
('13','13','13','initial','61','61','seed',NULL,'Opening stock','1','2026-05-29 09:00:00'),
('14','14','14','initial','7','7','seed',NULL,'Opening stock','1','2026-04-30 09:00:00'),
('15','15','15','initial','651','651','seed',NULL,'Opening stock','1','2026-06-06 09:00:00'),
('16','16','16','initial','156','156','seed',NULL,'Opening stock','1','2026-06-07 09:00:00'),
('17','17','17','initial','879','879','seed',NULL,'Opening stock','1','2026-05-11 09:00:00'),
('18','18','18','initial','684','684','seed',NULL,'Opening stock','1','2026-03-17 09:00:00'),
('19','19','19','initial','35','35','seed',NULL,'Opening stock','1','2026-03-17 09:00:00'),
('20','20','20','initial','840','840','seed',NULL,'Opening stock','1','2026-06-15 09:00:00'),
('21','21','21','initial','7','7','seed',NULL,'Opening stock','1','2026-04-29 09:00:00'),
('22','22','22','initial','318','318','seed',NULL,'Opening stock','1','2026-04-06 09:00:00'),
('23','23','23','initial','63','63','seed',NULL,'Opening stock','1','2026-03-24 09:00:00'),
('24','24','24','initial','247','247','seed',NULL,'Opening stock','1','2026-05-22 09:00:00'),
('25','25','25','initial','311','311','seed',NULL,'Opening stock','1','2026-05-16 09:00:00'),
('26','26','26','initial','137','137','seed',NULL,'Opening stock','1','2026-03-19 09:00:00'),
('27','27','27','initial','337','337','seed',NULL,'Opening stock','1','2026-04-08 09:00:00'),
('28','28','28','initial','6','6','seed',NULL,'Opening stock','1','2026-06-07 09:00:00'),
('29','29','29','initial','287','287','seed',NULL,'Opening stock','1','2026-05-08 09:00:00'),
('30','30','30','initial','65','65','seed',NULL,'Opening stock','1','2026-05-06 09:00:00'),
('31','31','31','initial','180','180','seed',NULL,'Opening stock','1','2026-05-26 09:00:00'),
('32','32','32','initial','618','618','seed',NULL,'Opening stock','1','2026-04-25 09:00:00'),
('33','33','33','initial','322','322','seed',NULL,'Opening stock','1','2026-06-04 09:00:00'),
('34','34','34','initial','54','54','seed',NULL,'Opening stock','1','2026-04-28 09:00:00'),
('35','35','35','initial','21','21','seed',NULL,'Opening stock','1','2026-06-20 09:00:00'),
('36','36','36','initial','467','467','seed',NULL,'Opening stock','1','2026-03-23 09:00:00'),
('37','37','37','initial','446','446','seed',NULL,'Opening stock','1','2026-05-19 09:00:00'),
('38','38','38','initial','50','50','seed',NULL,'Opening stock','1','2026-06-19 09:00:00'),
('39','39','39','initial','240','240','seed',NULL,'Opening stock','1','2026-05-12 09:00:00'),
('40','40','40','initial','161','161','seed',NULL,'Opening stock','1','2026-04-10 09:00:00'),
('41','41','41','initial','105','105','seed',NULL,'Opening stock','1','2026-03-30 09:00:00'),
('42','42','42','initial','8','8','seed',NULL,'Opening stock','1','2026-04-25 09:00:00'),
('43','43','43','initial','200','200','seed',NULL,'Opening stock','1','2026-03-21 09:00:00'),
('44','44','44','initial','108','108','seed',NULL,'Opening stock','1','2026-03-22 09:00:00'),
('45','45','45','initial','774','774','seed',NULL,'Opening stock','1','2026-05-16 09:00:00'),
('46','46','46','initial','334','334','seed',NULL,'Opening stock','1','2026-06-04 09:00:00'),
('47','47','47','initial','216','216','seed',NULL,'Opening stock','1','2026-06-07 09:00:00'),
('48','48','48','initial','311','311','seed',NULL,'Opening stock','1','2026-05-10 09:00:00'),
('49','49','49','initial','3','3','seed',NULL,'Opening stock','1','2026-04-11 09:00:00'),
('50','50','50','initial','29','29','seed',NULL,'Opening stock','1','2026-03-26 09:00:00'),
('51','51','51','initial','48','48','seed',NULL,'Opening stock','1','2026-05-02 09:00:00'),
('52','52','52','initial','12','12','seed',NULL,'Opening stock','1','2026-06-20 09:00:00'),
('53','53','53','initial','61','61','seed',NULL,'Opening stock','1','2026-04-30 09:00:00'),
('54','54','54','initial','97','97','seed',NULL,'Opening stock','1','2026-06-06 09:00:00'),
('55','55','55','initial','112','112','seed',NULL,'Opening stock','1','2026-04-08 09:00:00'),
('56','56','56','initial','20','20','seed',NULL,'Opening stock','1','2026-05-03 09:00:00'),
('57','57','57','initial','369','369','seed',NULL,'Opening stock','1','2026-05-04 09:00:00'),
('58','58','58','initial','261','261','seed',NULL,'Opening stock','1','2026-04-22 09:00:00'),
('59','59','59','initial','399','399','seed',NULL,'Opening stock','1','2026-04-19 09:00:00'),
('60','60','60','initial','145','145','seed',NULL,'Opening stock','1','2026-05-10 09:00:00'),
('61','61','61','initial','96','96','seed',NULL,'Opening stock','1','2026-03-30 09:00:00'),
('62','62','62','initial','375','375','seed',NULL,'Opening stock','1','2026-05-03 09:00:00'),
('63','63','63','initial','23','23','seed',NULL,'Opening stock','1','2026-06-12 09:00:00'),
('64','64','64','initial','56','56','seed',NULL,'Opening stock','1','2026-04-07 09:00:00'),
('65','65','65','initial','299','299','seed',NULL,'Opening stock','1','2026-05-05 09:00:00'),
('66','66','66','initial','118','118','seed',NULL,'Opening stock','1','2026-06-14 09:00:00'),
('67','67','67','initial','87','87','seed',NULL,'Opening stock','1','2026-04-03 09:00:00'),
('68','68','68','initial','541','541','seed',NULL,'Opening stock','1','2026-03-16 09:00:00'),
('69','69','69','initial','127','127','seed',NULL,'Opening stock','1','2026-06-20 09:00:00'),
('70','70','70','initial','17','17','seed',NULL,'Opening stock','1','2026-05-05 09:00:00'),
('71','71','71','initial','178','178','seed',NULL,'Opening stock','1','2026-03-30 09:00:00'),
('72','72','72','initial','20','20','seed',NULL,'Opening stock','1','2026-06-15 09:00:00'),
('73','73','73','initial','84','84','seed',NULL,'Opening stock','1','2026-04-14 09:00:00'),
('74','74','74','initial','144','144','seed',NULL,'Opening stock','1','2026-03-18 09:00:00'),
('75','75','75','initial','115','115','seed',NULL,'Opening stock','1','2026-06-22 09:00:00'),
('76','76','76','initial','45','45','seed',NULL,'Opening stock','1','2026-03-16 09:00:00'),
('77','77','77','initial','2','2','seed',NULL,'Opening stock','1','2026-03-14 09:00:00'),
('78','78','78','initial','16','16','seed',NULL,'Opening stock','1','2026-05-16 09:00:00'),
('79','79','79','initial','46','46','seed',NULL,'Opening stock','1','2026-03-22 09:00:00'),
('80','80','80','initial','113','113','seed',NULL,'Opening stock','1','2026-04-30 09:00:00'),
('81','81','81','initial','100','100','seed',NULL,'Opening stock','1','2026-03-14 09:00:00'),
('82','82','82','initial','288','288','seed',NULL,'Opening stock','1','2026-05-08 09:00:00'),
('83','83','83','initial','282','282','seed',NULL,'Opening stock','1','2026-06-22 09:00:00'),
('84','84','84','initial','2','2','seed',NULL,'Opening stock','1','2026-05-29 09:00:00'),
('85','85','85','initial','165','165','seed',NULL,'Opening stock','1','2026-04-24 09:00:00'),
('86','86','86','initial','182','182','seed',NULL,'Opening stock','1','2026-05-03 09:00:00'),
('87','87','87','initial','93','93','seed',NULL,'Opening stock','1','2026-03-20 09:00:00'),
('88','88','88','initial','103','103','seed',NULL,'Opening stock','1','2026-06-07 09:00:00'),
('89','89','89','initial','786','786','seed',NULL,'Opening stock','1','2026-04-18 09:00:00'),
('90','90','90','initial','855','855','seed',NULL,'Opening stock','1','2026-04-18 09:00:00'),
('91','91','91','initial','16','16','seed',NULL,'Opening stock','1','2026-04-02 09:00:00'),
('92','92','92','initial','554','554','seed',NULL,'Opening stock','1','2026-04-15 09:00:00'),
('93','93','93','initial','77','77','seed',NULL,'Opening stock','1','2026-06-09 09:00:00'),
('94','94','94','initial','132','132','seed',NULL,'Opening stock','1','2026-06-10 09:00:00'),
('95','95','95','initial','59','59','seed',NULL,'Opening stock','1','2026-04-16 09:00:00'),
('96','96','96','initial','32','32','seed',NULL,'Opening stock','1','2026-05-25 09:00:00'),
('97','97','97','initial','16','16','seed',NULL,'Opening stock','1','2026-03-21 09:00:00'),
('98','98','98','initial','1','1','seed',NULL,'Opening stock','1','2026-03-18 09:00:00'),
('99','99','99','initial','62','62','seed',NULL,'Opening stock','1','2026-04-12 09:00:00'),
('100','100','100','initial','72','72','seed',NULL,'Opening stock','1','2026-04-20 09:00:00'),
('101','15',NULL,'sale','-4','647','sale','1','SAL-2026-00001','1','2026-07-14 09:34:52'),
('102','16',NULL,'sale','-1','155','sale','1','SAL-2026-00001','1','2026-07-14 09:34:52'),
('103','4',NULL,'sale','-1','153','sale','2','SAL-2026-00002','1','2026-07-14 09:49:50'),
('104','15',NULL,'sale','-1','646','sale','4','SAL-2026-00004','1','2026-07-14 23:29:07'),
('105','16',NULL,'sale','-1','154','sale','4','SAL-2026-00004','1','2026-07-14 23:29:07'),
('106','100',NULL,'sale','-1','71','sale','4','SAL-2026-00004','1','2026-07-14 23:29:07'),
('107','104','101','initial','10','10','product','104','Opening stock','1','2026-07-14 23:43:39'),
('108','104',NULL,'sale','-9','1','sale','5','SAL-2026-00005','1','2026-07-14 23:45:13'),
('109','15',NULL,'sale','-1','645','sale','6','SAL-2026-00006','3','2026-07-15 14:41:30'),
('110','4',NULL,'sale','-1','152','sale','6','SAL-2026-00006','3','2026-07-15 14:41:30'),
('111','2',NULL,'sale','-1','100','sale','7','SAL-2026-00007','3','2026-07-15 14:44:47'),
('112','58',NULL,'sale','-1','260','sale','7','SAL-2026-00007','3','2026-07-15 14:44:47'),
('113','2','2','return','1','101','sale_return','1','RTN-2026-00001 (changed_mind)','3','2026-07-15 14:59:52'),
('114','58','58','return','1','261','sale_return','1','RTN-2026-00001 (changed_mind)','3','2026-07-15 14:59:52');

DROP TABLE IF EXISTS `product_batches`;
CREATE TABLE `product_batches` (
  `id` int unsigned NOT NULL AUTO_INCREMENT,
  `product_id` int unsigned NOT NULL,
  `batch_number` varchar(60) COLLATE utf8mb4_unicode_ci NOT NULL,
  `quantity` int NOT NULL DEFAULT '0',
  `unit_cost` decimal(12,2) NOT NULL DEFAULT '0.00',
  `manufacturing_date` date DEFAULT NULL,
  `expiry_date` date DEFAULT NULL,
  `created_at` datetime NOT NULL DEFAULT CURRENT_TIMESTAMP,
  `updated_at` datetime NOT NULL DEFAULT CURRENT_TIMESTAMP ON UPDATE CURRENT_TIMESTAMP,
  PRIMARY KEY (`id`),
  KEY `idx_batch_product` (`product_id`),
  KEY `idx_batch_number` (`batch_number`),
  KEY `idx_batch_expiry` (`expiry_date`),
  KEY `idx_batch_expiry_qty` (`expiry_date`,`quantity`),
  CONSTRAINT `fk_batch_product` FOREIGN KEY (`product_id`) REFERENCES `products` (`id`) ON DELETE CASCADE
) ENGINE=InnoDB AUTO_INCREMENT=102 DEFAULT CHARSET=utf8mb4 COLLATE=utf8mb4_unicode_ci;

INSERT INTO `product_batches` VALUES
('1','1','B-48599','100','1.80','2025-03-12','2026-09-08','2026-07-14 09:29:38','2026-07-14 09:29:38'),
('2','2','B-32685','101','2.50','2025-04-03','2026-09-30','2026-07-14 09:29:38','2026-07-15 14:59:52'),
('3','3','B-31324','143','12.00','2025-07-16','2026-07-16','2026-07-14 09:29:38','2026-07-14 09:29:38'),
('4','4','B-32898','152','15.00','2025-10-01','2028-09-30','2026-07-14 09:29:38','2026-07-15 14:41:30'),
('5','5','B-58509','152','22.00','2023-09-05','2026-09-04','2026-07-14 09:29:38','2026-07-14 09:29:38'),
('6','6','B-73595','165','25.00','2023-09-11','2026-09-10','2026-07-14 09:29:38','2026-07-14 09:29:38'),
('7','7','B-60364','2','45.00','2025-02-01','2026-07-31','2026-07-14 09:29:38','2026-07-14 09:29:38'),
('8','8','B-60507','209','8.00','2024-09-26','2026-09-26','2026-07-14 09:29:38','2026-07-14 09:29:38'),
('9','9','B-29740','349','5.00','2025-09-04','2026-09-04','2026-07-14 09:29:38','2026-07-14 09:29:38'),
('10','10','B-43964','155','4.00','2024-11-15','2027-11-15','2026-07-14 09:29:38','2026-07-14 09:29:38'),
('11','11','B-90849','151','6.00','2024-10-10','2026-10-10','2026-07-14 09:29:38','2026-07-14 09:29:38'),
('12','12','B-15922','363','2.00','2025-04-12','2026-10-09','2026-07-14 09:29:38','2026-07-14 09:29:38'),
('13','13','B-31907','61','30.00','2024-08-29','2026-08-29','2026-07-14 09:29:38','2026-07-14 09:29:38'),
('14','14','B-69017','7','14.00','2025-08-11','2026-08-11','2026-07-14 09:29:38','2026-07-14 09:29:38'),
('15','15','B-47932','645','0.60','2024-07-25','2026-07-25','2026-07-14 09:29:38','2026-07-15 14:41:30'),
('16','16','B-54800','154','55.00','2026-12-03','2028-05-31','2026-07-14 09:29:38','2026-07-14 23:29:07'),
('17','17','B-96507','879','1.50','2024-10-03','2026-10-03','2026-07-14 09:29:38','2026-07-14 09:29:38'),
('18','18','B-41141','684','2.00','2025-08-31','2026-08-31','2026-07-14 09:29:38','2026-07-14 09:29:38'),
('19','19','B-53045','35','70.00','2025-12-04','2026-12-04','2026-07-14 09:29:38','2026-07-14 09:29:38'),
('20','20','B-47210','840','0.80','2025-03-12','2026-09-08','2026-07-14 09:29:38','2026-07-14 09:29:38'),
('21','21','B-39322','7','6.00','2026-04-15','2028-04-14','2026-07-14 09:29:38','2026-07-14 09:29:38'),
('22','22','B-59115','318','4.00','2026-11-16','2028-11-15','2026-07-14 09:29:38','2026-07-14 09:29:38'),
('23','23','B-62479','63','5.00','2025-06-08','2026-06-08','2026-07-14 09:29:38','2026-07-14 09:29:38'),
('24','24','B-52983','247','4.00','2025-05-19','2026-11-15','2026-07-14 09:29:38','2026-07-14 09:29:38'),
('25','25','B-34675','311','7.00','2025-11-29','2026-11-29','2026-07-14 09:29:38','2026-07-14 09:29:38'),
('26','26','B-72207','137','12.00','2025-03-06','2026-09-02','2026-07-14 09:29:38','2026-07-14 09:29:38'),
('27','27','B-48845','337','2.50','2024-08-06','2026-08-06','2026-07-14 09:29:38','2026-07-14 09:29:38'),
('28','28','B-79610','6','60.00','2027-08-12','2028-08-11','2026-07-14 09:29:38','2026-07-14 09:29:38'),
('29','29','B-56622','287','3.00','2025-04-01','2026-09-28','2026-07-14 09:29:38','2026-07-14 09:29:38'),
('30','30','B-71740','65','10.00','2025-12-06','2028-12-05','2026-07-14 09:29:38','2026-07-14 09:29:38'),
('31','31','B-14704','180','3.00','2023-10-04','2026-10-03','2026-07-14 09:29:38','2026-07-14 09:29:38'),
('32','32','B-94868','618','9.00','2027-07-13','2028-07-12','2026-07-14 09:29:38','2026-07-14 09:29:38'),
('33','33','B-95615','322','4.00','2025-03-26','2027-03-26','2026-07-14 09:29:38','2026-07-14 09:29:38'),
('34','34','B-76895','54','140.00','2025-12-08','2026-12-08','2026-07-14 09:29:38','2026-07-14 09:29:38'),
('35','35','B-56613','21','3.00','2024-12-12','2027-12-12','2026-07-14 09:29:38','2026-07-14 09:29:38'),
('36','36','B-21453','467','5.00','2024-01-30','2027-01-29','2026-07-14 09:29:38','2026-07-14 09:29:38'),
('37','37','B-21207','446','6.00','2026-03-03','2028-03-02','2026-07-14 09:29:38','2026-07-14 09:29:38'),
('38','38','B-56505','50','12.00','2025-12-13','2026-12-13','2026-07-14 09:29:38','2026-07-14 09:29:38'),
('39','39','B-26815','240','2.50','2025-08-30','2026-08-30','2026-07-14 09:29:38','2026-07-14 09:29:38'),
('40','40','B-27704','161','8.00','2024-08-22','2027-08-22','2026-07-14 09:29:38','2026-07-14 09:29:38'),
('41','41','B-52924','105','9.00','2026-07-29','2028-07-28','2026-07-14 09:29:38','2026-07-14 09:29:38'),
('42','42','B-57839','8','14.00','2027-07-03','2028-07-02','2026-07-14 09:29:38','2026-07-14 09:29:38'),
('43','43','B-40098','200','1.50','2024-12-04','2027-12-04','2026-07-14 09:29:38','2026-07-14 09:29:38'),
('44','44','B-23645','108','4.00','2025-10-06','2026-10-06','2026-07-14 09:29:38','2026-07-14 09:29:38'),
('45','45','B-70635','774','1.80','2026-10-13','2028-04-10','2026-07-14 09:29:38','2026-07-14 09:29:38'),
('46','46','B-63931','334','2.50','2023-09-27','2026-09-26','2026-07-14 09:29:38','2026-07-14 09:29:38'),
('47','47','B-13130','216','1.50','2026-03-05','2027-09-01','2026-07-14 09:29:38','2026-07-14 09:29:38'),
('48','48','B-86106','311','6.00','2024-09-08','2027-09-08','2026-07-14 09:29:38','2026-07-14 09:29:38'),
('49','49','B-71616','3','35.00','2024-01-06','2027-01-05','2026-07-14 09:29:38','2026-07-14 09:29:38'),
('50','50','B-89927','29','450.00','2026-09-13','2028-09-12','2026-07-14 09:29:38','2026-07-14 09:29:38'),
('51','51','B-76767','48','450.00','2024-12-25','2026-12-25','2026-07-14 09:29:38','2026-07-14 09:29:38'),
('52','52','B-73549','12','480.00','2023-10-04','2026-10-03','2026-07-14 09:29:38','2026-07-14 09:29:38'),
('53','53','B-49539','61','180.00','2026-05-09','2027-11-05','2026-07-14 09:29:38','2026-07-14 09:29:38'),
('54','54','B-11716','97','65.00','2023-10-25','2026-10-24','2026-07-14 09:29:38','2026-07-14 09:29:38'),
('55','55','B-35232','112','12.00','2025-02-12','2026-08-11','2026-07-14 09:29:38','2026-07-14 09:29:38'),
('56','56','B-15906','20','1.50','2024-10-06','2026-10-06','2026-07-14 09:29:38','2026-07-14 09:29:38'),
('57','57','B-13064','369','2.50','2025-09-18','2028-09-17','2026-07-14 09:29:38','2026-07-14 09:29:38'),
('58','58','B-94933','261','8.00','2024-12-08','2026-12-08','2026-07-14 09:29:38','2026-07-15 14:59:52'),
('59','59','B-98803','399','0.50','2025-11-17','2028-11-16','2026-07-14 09:29:38','2026-07-14 09:29:38'),
('60','60','B-30419','145','60.00','2025-07-01','2028-06-30','2026-07-14 09:29:38','2026-07-14 09:29:38'),
('61','61','B-27724','96','75.00','2023-10-11','2026-10-10','2026-07-14 09:29:38','2026-07-14 09:29:38'),
('62','62','B-42008','375','1.50','2025-05-30','2027-05-30','2026-07-14 09:29:38','2026-07-14 09:29:38'),
('63','63','B-10219','23','0.80','2025-10-02','2026-10-02','2026-07-14 09:29:38','2026-07-14 09:29:38'),
('64','64','B-15279','56','280.00','2027-03-09','2028-03-08','2026-07-14 09:29:38','2026-07-14 09:29:38'),
('65','65','B-20313','299','7.00','2023-11-29','2026-11-28','2026-07-14 09:29:38','2026-07-14 09:29:38'),
('66','66','B-31782','118','95.00','2023-10-08','2026-10-07','2026-07-14 09:29:38','2026-07-14 09:29:38'),
('67','67','B-23227','87','220.00','2025-07-18','2026-07-18','2026-07-14 09:29:38','2026-07-14 09:29:38'),
('68','68','B-54138','541','0.60','2026-07-14','2027-07-14','2026-07-14 09:29:38','2026-07-14 09:29:38'),
('69','69','B-42410','127','3.00','2023-07-21','2026-07-20','2026-07-14 09:29:38','2026-07-14 09:29:38'),
('70','70','B-78015','17','1.50','2025-03-11','2026-09-07','2026-07-14 09:29:38','2026-07-14 09:29:38'),
('71','71','B-64065','178','35.00','2025-10-30','2026-10-30','2026-07-14 09:29:38','2026-07-14 09:29:38'),
('72','72','B-73248','20','350.00','2026-05-18','2027-05-18','2026-07-14 09:29:38','2026-07-14 09:29:38'),
('73','73','B-12780','84','55.00','2025-12-22','2027-12-22','2026-07-14 09:29:38','2026-07-14 09:29:38'),
('74','74','B-44012','144','65.00','2026-07-29','2028-01-25','2026-07-14 09:29:38','2026-07-14 09:29:38'),
('75','75','B-94292','115','75.00','2024-07-12','2027-07-12','2026-07-14 09:29:38','2026-07-14 09:29:38'),
('76','76','B-12325','45','120.00','2025-06-12','2026-12-09','2026-07-14 09:29:38','2026-07-14 09:29:38'),
('77','77','B-36086','2','85.00','2025-03-05','2028-03-04','2026-07-14 09:29:38','2026-07-14 09:29:38'),
('78','78','B-85344','16','90.00','2023-07-30','2026-07-29','2026-07-14 09:29:38','2026-07-14 09:29:38'),
('79','79','B-22610','46','110.00','2024-09-03','2026-09-03','2026-07-14 09:29:38','2026-07-14 09:29:38'),
('80','80','B-80657','113','48.00','2023-05-27','2026-05-26','2026-07-14 09:29:38','2026-07-14 09:29:38'),
('81','81','B-69903','100','30.00','2024-08-06','2026-08-06','2026-07-14 09:29:38','2026-07-14 09:29:38'),
('82','82','B-36321','288','18.00','2025-10-08','2026-10-08','2026-07-14 09:29:38','2026-07-14 09:29:38'),
('83','83','B-62589','282','12.00','2023-10-06','2026-10-05','2026-07-14 09:29:38','2026-07-14 09:29:38'),
('84','84','B-95329','2','10.00','2025-09-26','2026-09-26','2026-07-14 09:29:38','2026-07-14 09:29:38'),
('85','85','B-21505','165','28.00','2027-05-09','2028-05-08','2026-07-14 09:29:38','2026-07-14 09:29:38'),
('86','86','B-32488','182','45.00','2025-07-31','2026-07-31','2026-07-14 09:29:38','2026-07-14 09:29:38'),
('87','87','B-39446','93','48.00','2025-12-16','2026-12-16','2026-07-14 09:29:38','2026-07-14 09:29:38'),
('88','88','B-25560','103','45.00','2024-12-14','2026-06-12','2026-07-14 09:29:38','2026-07-14 09:29:38'),
('89','89','B-86444','786','8.00','2025-10-27','2027-04-25','2026-07-14 09:29:38','2026-07-14 09:29:38'),
('90','90','B-51611','855','10.00','2023-10-11','2026-10-10','2026-07-14 09:29:38','2026-07-14 09:29:38'),
('91','91','B-15344','16','25.00','2025-05-29','2026-11-25','2026-07-14 09:29:38','2026-07-14 09:29:38'),
('92','92','B-98731','554','15.00','2024-10-01','2026-10-01','2026-07-14 09:29:38','2026-07-14 09:29:38'),
('93','93','B-40316','77','180.00','2026-09-20','2028-03-18','2026-07-14 09:29:38','2026-07-14 09:29:38'),
('94','94','B-60976','132','45.00','2025-03-14','2026-09-10','2026-07-14 09:29:38','2026-07-14 09:29:38'),
('95','95','B-94023','59','95.00','2025-07-23','2027-01-19','2026-07-14 09:29:38','2026-07-14 09:29:38'),
('96','96','B-95616','32','55.00','2025-03-03','2026-08-30','2026-07-14 09:29:38','2026-07-14 09:29:38'),
('97','97','B-90199','16','180.00','2026-02-12','2028-02-12','2026-07-14 09:29:38','2026-07-14 09:29:38'),
('98','98','B-29998','1','40.00','2025-11-09','2028-11-08','2026-07-14 09:29:38','2026-07-14 09:29:38'),
('99','99','B-20210','62','150.00','2025-10-06','2026-10-06','2026-07-14 09:29:38','2026-07-14 09:29:38'),
('100','100','B-72743','71','85.00','2025-07-05','2027-01-01','2026-07-14 09:29:38','2026-07-14 23:29:07'),
('101','104','B-30336','1','10.00','2026-07-14','2026-08-14','2026-07-14 23:43:39','2026-07-14 23:45:13');

DROP TABLE IF EXISTS `products`;
CREATE TABLE `products` (
  `id` int unsigned NOT NULL AUTO_INCREMENT,
  `product_code` varchar(30) COLLATE utf8mb4_unicode_ci NOT NULL,
  `barcode` varchar(64) COLLATE utf8mb4_unicode_ci DEFAULT NULL,
  `medicine_name` varchar(160) COLLATE utf8mb4_unicode_ci NOT NULL,
  `generic_name` varchar(160) COLLATE utf8mb4_unicode_ci DEFAULT NULL,
  `brand_name` varchar(120) COLLATE utf8mb4_unicode_ci DEFAULT NULL,
  `category_id` int unsigned DEFAULT NULL,
  `subcategory_id` int unsigned DEFAULT NULL,
  `supplier_id` int unsigned DEFAULT NULL,
  `purchase_price` decimal(12,2) NOT NULL DEFAULT '0.00',
  `selling_price` decimal(12,2) NOT NULL DEFAULT '0.00',
  `average_cost` decimal(12,4) NOT NULL DEFAULT '0.0000',
  `unit` varchar(30) COLLATE utf8mb4_unicode_ci NOT NULL DEFAULT 'pcs',
  `quantity` int NOT NULL DEFAULT '0',
  `min_quantity` int NOT NULL DEFAULT '0',
  `max_quantity` int NOT NULL DEFAULT '0',
  `location` varchar(60) COLLATE utf8mb4_unicode_ci DEFAULT NULL,
  `description` text COLLATE utf8mb4_unicode_ci,
  `image_path` varchar(255) COLLATE utf8mb4_unicode_ci DEFAULT NULL,
  `status` enum('active','archived') COLLATE utf8mb4_unicode_ci NOT NULL DEFAULT 'active',
  `created_by` int unsigned DEFAULT NULL,
  `created_at` datetime NOT NULL DEFAULT CURRENT_TIMESTAMP,
  `updated_at` datetime NOT NULL DEFAULT CURRENT_TIMESTAMP ON UPDATE CURRENT_TIMESTAMP,
  `deleted_at` datetime DEFAULT NULL,
  PRIMARY KEY (`id`),
  UNIQUE KEY `uq_prod_code` (`product_code`),
  UNIQUE KEY `uq_prod_barcode` (`barcode`),
  KEY `idx_prod_name` (`medicine_name`),
  KEY `idx_prod_generic` (`generic_name`),
  KEY `idx_prod_brand` (`brand_name`),
  KEY `idx_prod_category` (`category_id`),
  KEY `idx_prod_subcategory` (`subcategory_id`),
  KEY `idx_prod_supplier` (`supplier_id`),
  KEY `idx_prod_qty` (`quantity`),
  KEY `idx_prod_status` (`status`,`deleted_at`),
  KEY `fk_prod_user` (`created_by`),
  FULLTEXT KEY `ft_prod_search` (`medicine_name`,`generic_name`,`brand_name`),
  CONSTRAINT `fk_prod_cat` FOREIGN KEY (`category_id`) REFERENCES `categories` (`id`) ON DELETE SET NULL,
  CONSTRAINT `fk_prod_subcat` FOREIGN KEY (`subcategory_id`) REFERENCES `categories` (`id`) ON DELETE SET NULL,
  CONSTRAINT `fk_prod_sup` FOREIGN KEY (`supplier_id`) REFERENCES `suppliers` (`id`) ON DELETE SET NULL,
  CONSTRAINT `fk_prod_user` FOREIGN KEY (`created_by`) REFERENCES `users` (`id`) ON DELETE SET NULL
) ENGINE=InnoDB AUTO_INCREMENT=105 DEFAULT CHARSET=utf8mb4 COLLATE=utf8mb4_unicode_ci;

INSERT INTO `products` VALUES
('1','MED-00001','8903768137342','Amoxicillin 250mg Caps','Amoxicillin','GSK','1','13','1','1.80','3.00','1.7888','caps','100','100','800','D-8',NULL,NULL,'active','1','2026-07-14 09:29:38','2026-07-14 09:29:38',NULL),
('2','MED-00002','8906907972518','Amoxicillin 500mg Caps','Amoxicillin','GSK','1','13','5','2.50','4.00','2.4570','caps','101','100','800','D-5',NULL,NULL,'active','1','2026-07-14 09:29:38','2026-07-15 14:59:52',NULL),
('3','MED-00003','8906372115844','Amoxiclav 625mg Tabs','Amoxicillin + Clavulanic Acid','Cipla','1','13','5','12.00','18.00','11.7318','tabs','143','60','480','C-1',NULL,NULL,'active','1','2026-07-14 09:29:38','2026-07-14 09:29:38',NULL),
('4','MED-00004','8902369774501','Azithromycin 250mg Tabs','Azithromycin','Pfizer','1','15','5','15.00','25.00','14.5370','tabs','152','40','320','F-2',NULL,NULL,'active','1','2026-07-14 09:29:38','2026-07-15 14:41:30',NULL),
('5','MED-00005','8909656103007','Azithromycin 500mg Tabs','Azithromycin','Sun Pharma','1','15','1','22.00','35.00','21.9354','tabs','152','40','320','C-8',NULL,NULL,'active','1','2026-07-14 09:29:38','2026-07-14 09:29:38',NULL),
('6','MED-00006','8901975664996','Cefixime 400mg Tabs','Cefixime','Getz Pharma','1','14','6','25.00','40.00','24.9713','tabs','165','30','240','E-9',NULL,NULL,'active','1','2026-07-14 09:29:38','2026-07-14 09:29:38',NULL),
('7','MED-00007','8901995058937','Ceftriaxone 1g Injection','Ceftriaxone','Bosch Pharma','10','14','5','45.00','70.00','44.3149','vial','2','25','200','F-9',NULL,NULL,'active','1','2026-07-14 09:29:38','2026-07-14 09:29:38',NULL),
('8','MED-00008','8902280287229','Cephalexin 500mg Caps','Cephalexin','Hilton Pharma','1','14','4','8.00','13.00','7.8806','caps','209','50','400','D-1',NULL,NULL,'active','1','2026-07-14 09:29:38','2026-07-14 09:29:38',NULL),
('9','MED-00009','8903612063365','Ciprofloxacin 500mg Tabs','Ciprofloxacin','Bayer','1',NULL,'4','5.00','9.00','4.9092','tabs','349','80','640','C-4',NULL,NULL,'active','1','2026-07-14 09:29:38','2026-07-14 09:29:38',NULL),
('10','MED-00010','8908710480399','Doxycycline 100mg Caps','Doxycycline','Searle','1',NULL,'1','4.00','7.00','3.8570','caps','155','60','480','C-7',NULL,NULL,'active','1','2026-07-14 09:29:38','2026-07-14 09:29:38',NULL),
('11','MED-00011','8904524032922','Erythromycin 250mg Tabs','Erythromycin','Abbott','1','15','5','6.00','10.00','5.9872','tabs','151','40','320','A-9',NULL,NULL,'active','1','2026-07-14 09:29:38','2026-07-14 09:29:38',NULL),
('12','MED-00012','8909383334324','Metronidazole 400mg Tabs','Metronidazole','Sanofi','1',NULL,'6','2.00','4.00','1.9933','tabs','363','120','960','C-3',NULL,NULL,'active','1','2026-07-14 09:29:38','2026-07-14 09:29:38',NULL),
('13','MED-00013','8906982361825','Clarithromycin 500mg Tabs','Clarithromycin','Abbott','1','15','3','30.00','48.00','29.9496','tabs','61','20','160','F-9',NULL,NULL,'active','1','2026-07-14 09:29:38','2026-07-14 09:29:38',NULL),
('14','MED-00014','8908005010068','Levofloxacin 500mg Tabs','Levofloxacin','Getz Pharma','1',NULL,'1','14.00','22.00','13.6196','tabs','7','30','240','B-2',NULL,NULL,'active','1','2026-07-14 09:29:38','2026-07-14 09:29:38',NULL),
('15','MED-00015','8902069541766','Paracetamol 500mg Tabs','Acetaminophen','Ajanta','2',NULL,'3','0.60','1.00','0.5819','tabs','645','300','2400','D-4',NULL,NULL,'active','1','2026-07-14 09:29:38','2026-07-15 14:41:30',NULL),
('16','MED-00016','8909084422876','Paracetamol Syrup 120ml','Acetaminophen','GSK (Calpol)','9',NULL,'6','55.00','85.00','54.1523','bottle','154','30','240','D-7',NULL,NULL,'active','1','2026-07-14 09:29:38','2026-07-14 23:29:07',NULL),
('17','MED-00017','8901678507313','Ibuprofen 400mg Tabs','Ibuprofen','Abbott (Brufen)','2','16','1','1.50','2.50','1.4855','tabs','879','150','1200','A-6',NULL,NULL,'active','1','2026-07-14 09:29:38','2026-07-14 09:29:38',NULL),
('18','MED-00018','8908978046746','Diclofenac 50mg Tabs','Diclofenac Sodium','Novartis (Voltral)','2','16','3','2.00','3.50','1.9507','tabs','684','120','960','C-7',NULL,NULL,'active','1','2026-07-14 09:29:38','2026-07-14 09:29:38',NULL),
('19','MED-00019','8901648608539','Diclofenac Gel 20g','Diclofenac Diethylamine','Novartis','8',NULL,'2','70.00','110.00','67.7530','tube','35','20','160','C-8',NULL,NULL,'active','1','2026-07-14 09:29:38','2026-07-14 09:29:38',NULL),
('20','MED-00020','8907248161098','Aspirin 75mg Tabs','Acetylsalicylic Acid','Bayer','4',NULL,'5','0.80','1.50','0.7712','tabs','840','200','1600','B-4',NULL,NULL,'active','1','2026-07-14 09:29:38','2026-07-14 09:29:38',NULL),
('21','MED-00021','8909591273091','Naproxen 500mg Tabs','Naproxen','RB (Synflex)','2','16','4','6.00','10.00','5.8294','tabs','7','50','400','A-3',NULL,NULL,'active','1','2026-07-14 09:29:38','2026-07-14 09:29:38',NULL),
('22','MED-00022','8901118687787','Mefenamic Acid 500mg','Mefenamic Acid','Pfizer (Ponstan)','2','16','5','4.00','7.00','3.9094','tabs','318','80','640','C-1',NULL,NULL,'active','1','2026-07-14 09:29:38','2026-07-14 09:29:38',NULL),
('23','MED-00023','8906221510005','Tramadol 50mg Caps','Tramadol HCl','Searle','2',NULL,'2','5.00','9.00','4.8094','caps','63','40','320','B-4',NULL,NULL,'active','1','2026-07-14 09:29:38','2026-07-14 09:29:38',NULL),
('24','MED-00024','8908573022505','Omeprazole 20mg Caps','Omeprazole','Getz (Risek)','3','17','2','4.00','7.00','3.8542','caps','247','150','1200','E-5',NULL,NULL,'active','1','2026-07-14 09:29:38','2026-07-14 09:29:38',NULL),
('25','MED-00025','8907404911251','Omeprazole 40mg Caps','Omeprazole','Getz (Risek)','3','17','3','7.00','11.00','6.8776','caps','311','80','640','B-6',NULL,NULL,'active','1','2026-07-14 09:29:38','2026-07-14 09:29:38',NULL),
('26','MED-00026','8908502660037','Esomeprazole 40mg Tabs','Esomeprazole','AstraZeneca (Nexum)','3','17','4','12.00','19.00','11.8287','tabs','137','50','400','B-7',NULL,NULL,'active','1','2026-07-14 09:29:38','2026-07-14 09:29:38',NULL),
('27','MED-00027','8903049973410','Ranitidine 150mg Tabs','Ranitidine','GSK (Zantac)','3','17','3','2.50','4.00','2.4077','tabs','337','80','640','E-8',NULL,NULL,'active','1','2026-07-14 09:29:38','2026-07-14 09:29:38',NULL),
('28','MED-00028','8908461204701','Antacid Suspension 120ml','Al/Mg Hydroxide','Searle (Mucaine)','3','17','3','60.00','95.00','59.9404','bottle','6','25','200','D-4',NULL,NULL,'active','1','2026-07-14 09:29:38','2026-07-14 09:29:38',NULL),
('29','MED-00029','8906690782681','Domperidone 10mg Tabs','Domperidone','Janssen (Motilium)','3',NULL,'6','3.00','5.00','2.9704','tabs','287','80','640','A-1',NULL,NULL,'active','1','2026-07-14 09:29:38','2026-07-14 09:29:38',NULL),
('30','MED-00030','8909883968667','Ondansetron 8mg Tabs','Ondansetron','GSK (Zofran)','3',NULL,'3','10.00','16.00','9.7893','tabs','65','30','240','F-9',NULL,NULL,'active','1','2026-07-14 09:29:38','2026-07-14 09:29:38',NULL),
('31','MED-00031','8902417452314','Loperamide 2mg Caps','Loperamide','Janssen (Imodium)','3',NULL,'2','3.00','5.00','2.9930','caps','180','60','480','E-7',NULL,NULL,'active','1','2026-07-14 09:29:38','2026-07-14 09:29:38',NULL),
('32','MED-00032','8904333803827','ORS Sachet (WHO)','Oral Rehydration Salts','Searle (Peditral)','3',NULL,'3','9.00','15.00','8.8681','sachet','618','120','960','A-4',NULL,NULL,'active','1','2026-07-14 09:29:38','2026-07-14 09:29:38',NULL),
('33','MED-00033','8903092256642','Hyoscine 10mg Tabs','Hyoscine Butylbromide','Boehringer (Buscopan)','3',NULL,'5','4.00','7.00','3.9282','tabs','322','60','480','D-9',NULL,NULL,'active','1','2026-07-14 09:29:38','2026-07-14 09:29:38',NULL),
('34','MED-00034','8908142623886','Lactulose Syrup 120ml','Lactulose','Abbott (Duphalac)','9',NULL,'1','140.00','210.00','139.9654','bottle','54','15','120','D-9',NULL,NULL,'active','1','2026-07-14 09:29:38','2026-07-14 09:29:38',NULL),
('35','MED-00035','8907553770164','Amlodipine 5mg Tabs','Amlodipine','Pfizer (Norvasc)','4',NULL,'1','3.00','5.00','2.9712','tabs','21','100','800','B-4',NULL,NULL,'active','1','2026-07-14 09:29:38','2026-07-14 09:29:38',NULL),
('36','MED-00036','8905769880174','Amlodipine 10mg Tabs','Amlodipine','Pfizer (Norvasc)','4',NULL,'1','5.00','8.00','4.8209','tabs','467','80','640','F-1',NULL,NULL,'active','1','2026-07-14 09:29:38','2026-07-14 09:29:38',NULL),
('37','MED-00037','8904924572957','Losartan 50mg Tabs','Losartan Potassium','MSD (Cozaar)','4',NULL,'6','6.00','10.00','5.8060','tabs','446','80','640','F-3',NULL,NULL,'active','1','2026-07-14 09:29:38','2026-07-14 09:29:38',NULL),
('38','MED-00038','8908335885544','Valsartan 80mg Tabs','Valsartan','Novartis (Diovan)','4',NULL,'4','12.00','19.00','11.8685','tabs','50','40','320','A-2',NULL,NULL,'active','1','2026-07-14 09:29:38','2026-07-14 09:29:38',NULL),
('39','MED-00039','8906850528971','Atenolol 50mg Tabs','Atenolol','AstraZeneca (Tenormin)','4',NULL,'4','2.50','4.00','2.4299','tabs','240','80','640','F-8',NULL,NULL,'active','1','2026-07-14 09:29:38','2026-07-14 09:29:38',NULL),
('40','MED-00040','8903510371212','Bisoprolol 5mg Tabs','Bisoprolol','Merck (Concor)','4',NULL,'6','8.00','13.00','7.7087','tabs','161','50','400','F-4',NULL,NULL,'active','1','2026-07-14 09:29:38','2026-07-14 09:29:38',NULL),
('41','MED-00041','8904521079021','Atorvastatin 20mg Tabs','Atorvastatin','Pfizer (Lipitor)','4',NULL,'3','9.00','15.00','8.7215','tabs','105','60','480','B-7',NULL,NULL,'active','1','2026-07-14 09:29:38','2026-07-14 09:29:38',NULL),
('42','MED-00042','8904973590192','Rosuvastatin 10mg Tabs','Rosuvastatin','AstraZeneca (Crestor)','4',NULL,'5','14.00','22.00','13.8495','tabs','8','40','320','C-7',NULL,NULL,'active','1','2026-07-14 09:29:38','2026-07-14 09:29:38',NULL),
('43','MED-00043','8908170107037','Furosemide 40mg Tabs','Furosemide','Sanofi (Lasix)','4',NULL,'1','1.50','3.00','1.4848','tabs','200','80','640','E-6',NULL,NULL,'active','1','2026-07-14 09:29:38','2026-07-14 09:29:38',NULL),
('44','MED-00044','8902322748276','Spironolactone 25mg Tabs','Spironolactone','Searle (Aldactone)','4',NULL,'5','4.00','7.00','3.9485','tabs','108','40','320','C-6',NULL,NULL,'active','1','2026-07-14 09:29:38','2026-07-14 09:29:38',NULL),
('45','MED-00045','8909143852862','Metformin 500mg Tabs','Metformin HCl','Merck (Glucophage)','5',NULL,'2','1.80','3.00','1.7572','tabs','774','200','1600','B-5',NULL,NULL,'active','1','2026-07-14 09:29:38','2026-07-14 09:29:38',NULL),
('46','MED-00046','8903285831095','Metformin 850mg Tabs','Metformin HCl','Sun Pharma','5',NULL,'5','2.50','4.00','2.4728','tabs','334','150','1200','E-6',NULL,NULL,'active','1','2026-07-14 09:29:38','2026-07-14 09:29:38',NULL),
('47','MED-00047','8902287588172','Glibenclamide 5mg Tabs','Glibenclamide','Sanofi (Daonil)','5',NULL,'3','1.50','2.50','1.4460','tabs','216','100','800','A-4',NULL,NULL,'active','1','2026-07-14 09:29:38','2026-07-14 09:29:38',NULL),
('48','MED-00048','8908262429704','Gliclazide 80mg Tabs','Gliclazide','Servier (Diamicron)','5',NULL,'4','6.00','10.00','5.9183','tabs','311','60','480','F-2',NULL,NULL,'active','1','2026-07-14 09:29:38','2026-07-14 09:29:38',NULL),
('49','MED-00049','8905061540327','Sitagliptin 50mg Tabs','Sitagliptin','MSD (Januvia)','5',NULL,'5','35.00','55.00','34.1565','tabs','3','20','160','A-6',NULL,NULL,'active','1','2026-07-14 09:29:38','2026-07-14 09:29:38',NULL),
('50','MED-00050','8902936992714','Insulin NPH 100IU Vial','Isophane Insulin','Novo Nordisk','5',NULL,'3','450.00','720.00','444.3855','vial','29','10','80','B-8',NULL,NULL,'active','1','2026-07-14 09:29:38','2026-07-14 09:29:38',NULL),
('51','MED-00051','8909448029206','Insulin Regular 100IU Vial','Regular Insulin','Novo Nordisk','5',NULL,'1','450.00','720.00','442.1310','vial','48','10','80','B-8',NULL,NULL,'active','1','2026-07-14 09:29:38','2026-07-14 09:29:38',NULL),
('52','MED-00052','8904639545852','Insulin Mixtard 70/30 Vial','Biphasic Insulin','Novo Nordisk','5',NULL,'5','480.00','760.00','476.2794','vial','12','10','80','C-9',NULL,NULL,'active','1','2026-07-14 09:29:38','2026-07-14 09:29:38',NULL),
('53','MED-00053','8908772991757','Salbutamol Inhaler 200d','Salbutamol','GSK (Ventolin)','6',NULL,'3','180.00','280.00','179.4864','inhaler','61','20','160','D-5',NULL,NULL,'active','1','2026-07-14 09:29:38','2026-07-14 09:29:38',NULL),
('54','MED-00054','8907992381994','Salbutamol Syrup 120ml','Salbutamol','GSK (Ventolin)','9',NULL,'6','65.00','100.00','63.4952','bottle','97','20','160','E-6',NULL,NULL,'active','1','2026-07-14 09:29:38','2026-07-14 09:29:38',NULL),
('55','MED-00055','8903334783991','Montelukast 10mg Tabs','Montelukast','MSD (Singulair)','6',NULL,'3','12.00','19.00','11.5264','tabs','112','40','320','D-8',NULL,NULL,'active','1','2026-07-14 09:29:38','2026-07-14 09:29:38',NULL),
('56','MED-00056','8901044102499','Cetirizine 10mg Tabs','Cetirizine','GSK (Zyrtec)','6','18','2','1.50','3.00','1.4865','tabs','20','150','1200','E-4',NULL,NULL,'active','1','2026-07-14 09:29:38','2026-07-14 09:29:38',NULL),
('57','MED-00057','8902375037474','Loratadine 10mg Tabs','Loratadine','Schering (Claritin)','6','18','5','2.50','4.00','2.4630','tabs','369','100','800','E-1',NULL,NULL,'active','1','2026-07-14 09:29:38','2026-07-14 09:29:38',NULL),
('58','MED-00058','8903725609275','Fexofenadine 120mg Tabs','Fexofenadine','Sanofi (Telfast)','6','18','3','8.00','13.00','7.7161','tabs','261','50','400','E-7',NULL,NULL,'active','1','2026-07-14 09:29:38','2026-07-15 14:59:52',NULL),
('59','MED-00059','8906417970270','Chlorpheniramine 4mg Tabs','Chlorpheniramine','Various','6','18','6','0.50','1.00','0.4883','tabs','399','200','1600','B-4',NULL,NULL,'active','1','2026-07-14 09:29:38','2026-07-14 09:29:38',NULL),
('60','MED-00060','8901483949340','Cough Syrup DM 120ml','Dextromethorphan','Cipla','9',NULL,'2','60.00','95.00','59.3096','bottle','145','25','200','D-7',NULL,NULL,'active','1','2026-07-14 09:29:38','2026-07-14 09:29:38',NULL),
('61','MED-00061','8903108057636','Ambroxol Syrup 120ml','Ambroxol HCl','Boehringer (Mucosolvan)','9',NULL,'4','75.00','115.00','72.4962','bottle','96','20','160','D-3',NULL,NULL,'active','1','2026-07-14 09:29:38','2026-07-14 09:29:38',NULL),
('62','MED-00062','8901935770451','Prednisolone 5mg Tabs','Prednisolone','Pfizer (Deltacortril)','6',NULL,'3','1.50','3.00','1.4442','tabs','375','100','800','D-8',NULL,NULL,'active','1','2026-07-14 09:29:38','2026-07-14 09:29:38',NULL),
('63','MED-00063','8905304293268','Dexamethasone 0.5mg Tabs','Dexamethasone','Various','6',NULL,'1','0.80','1.50','0.7842','tabs','23','100','800','A-6',NULL,NULL,'active','1','2026-07-14 09:29:38','2026-07-14 09:29:38',NULL),
('64','MED-00064','8909626357007','Multivitamin Tabs (30)','Multivitamins','Bayer (Supradyn)','7','19','2','280.00','420.00','278.1903','pack','56','15','120','B-5',NULL,NULL,'active','1','2026-07-14 09:29:38','2026-07-14 09:29:38',NULL),
('65','MED-00065','8902964331011','Vitamin C 500mg Tabs','Ascorbic Acid','GSK (CaC-1000)','7',NULL,'5','7.00','12.00','6.9019','tabs','299','80','640','B-4',NULL,NULL,'active','1','2026-07-14 09:29:38','2026-07-14 09:29:38',NULL),
('66','MED-00066','8903375636183','Vitamin D3 200000IU Amp','Cholecalciferol','Various (Indrop-D)','7',NULL,'6','95.00','150.00','94.1368','amp','118','25','200','A-2',NULL,NULL,'active','1','2026-07-14 09:29:38','2026-07-14 09:29:38',NULL),
('67','MED-00067','8906170754923','Calcium + D3 Tabs (30)','Calcium Carbonate + D3','GSK (CaC Plus)','7',NULL,'6','220.00','340.00','211.2576','pack','87','15','120','D-2',NULL,NULL,'active','1','2026-07-14 09:29:38','2026-07-14 09:29:38',NULL),
('68','MED-00068','8905295551124','Folic Acid 5mg Tabs','Folic Acid','Various','7',NULL,'4','0.60','1.20','0.5860','tabs','541','150','1200','D-7',NULL,NULL,'active','1','2026-07-14 09:29:38','2026-07-14 09:29:38',NULL),
('69','MED-00069','8903512464651','Ferrous Sulphate Tabs','Iron + Folic Acid','Abbott (Fefol)','7',NULL,'5','3.00','5.00','2.9530','caps','127','100','800','C-3',NULL,NULL,'active','1','2026-07-14 09:29:38','2026-07-14 09:29:38',NULL),
('70','MED-00070','8902335266205','Zinc Sulphate 20mg Tabs','Zinc Sulphate','Various','7',NULL,'3','1.50','3.00','1.4544','tabs','17','100','800','A-2',NULL,NULL,'active','1','2026-07-14 09:29:38','2026-07-14 09:29:38',NULL),
('71','MED-00071','8909304810691','B-Complex Injection','Vitamin B Complex','Various (Neurobion)','10',NULL,'4','35.00','55.00','34.9683','amp','178','40','320','E-1',NULL,NULL,'active','1','2026-07-14 09:29:38','2026-07-14 09:29:38',NULL),
('72','MED-00072','8906586073577','Omega-3 Fish Oil Caps (30)','Omega-3 Fatty Acids','Various','7','19','2','350.00','520.00','343.6264','pack','20','10','80','E-4',NULL,NULL,'active','1','2026-07-14 09:29:38','2026-07-14 09:29:38',NULL),
('73','MED-00073','8904879644049','Betamethasone Cream 15g','Betamethasone','GSK (Betnovate)','8',NULL,'4','55.00','85.00','54.5705','tube','84','25','200','E-1',NULL,NULL,'active','1','2026-07-14 09:29:38','2026-07-14 09:29:38',NULL),
('74','MED-00074','8902016520917','Clotrimazole Cream 20g','Clotrimazole','Bayer (Canesten)','8',NULL,'4','65.00','100.00','63.7199','tube','144','25','200','A-6',NULL,NULL,'active','1','2026-07-14 09:29:38','2026-07-14 09:29:38',NULL),
('75','MED-00075','8905349452553','Miconazole Cream 20g','Miconazole','Janssen (Daktarin)','8',NULL,'6','75.00','115.00','72.7976','tube','115','20','160','A-9',NULL,NULL,'active','1','2026-07-14 09:29:38','2026-07-14 09:29:38',NULL),
('76','MED-00076','8905995809802','Fusidic Acid Cream 15g','Fusidic Acid','LEO (Fucidin)','8',NULL,'5','120.00','185.00','119.2021','tube','45','15','120','C-4',NULL,NULL,'active','1','2026-07-14 09:29:38','2026-07-14 09:29:38',NULL),
('77','MED-00077','8908300877187','Permethrin Lotion 60ml','Permethrin 5%','Various (Lotrix)','8',NULL,'2','85.00','130.00','83.6475','bottle','2','15','120','B-5',NULL,NULL,'active','1','2026-07-14 09:29:38','2026-07-14 09:29:38',NULL),
('78','MED-00078','8905364060779','Acyclovir Cream 5g','Acyclovir','GSK (Zovirax)','8',NULL,'5','90.00','140.00','87.1489','tube','16','15','120','E-2',NULL,NULL,'active','1','2026-07-14 09:29:38','2026-07-14 09:29:38',NULL),
('79','MED-00079','8904147594430','Silver Sulfadiazine 50g','Silver Sulfadiazine','Various (Flamazine)','8',NULL,'4','110.00','170.00','107.7437','jar','46','10','80','B-3',NULL,NULL,'active','1','2026-07-14 09:29:38','2026-07-14 09:29:38',NULL),
('80','MED-00080','8903459528967','Hydrocortisone Cream 15g','Hydrocortisone 1%','Various','8',NULL,'2','48.00','75.00','46.9444','tube','113','20','160','B-5',NULL,NULL,'active','1','2026-07-14 09:29:38','2026-07-14 09:29:38',NULL),
('81','MED-00081','8904358450532','Ceftriaxone 500mg Injection','Ceftriaxone','Bosch Pharma','10','14','4','30.00','48.00','29.5021','vial','100','25','200','D-6',NULL,NULL,'active','1','2026-07-14 09:29:38','2026-07-14 09:29:38',NULL),
('82','MED-00082','8904655272206','Diclofenac 75mg Injection','Diclofenac Sodium','Novartis (Voltral)','10',NULL,'4','18.00','30.00','17.4408','amp','288','50','400','B-8',NULL,NULL,'active','1','2026-07-14 09:29:38','2026-07-14 09:29:38',NULL),
('83','MED-00083','8908099873723','Dexamethasone 4mg Injection','Dexamethasone','Various','10',NULL,'4','12.00','20.00','11.9083','amp','282','50','400','D-8',NULL,NULL,'active','1','2026-07-14 09:29:38','2026-07-14 09:29:38',NULL),
('84','MED-00084','8902191370390','Metoclopramide Injection','Metoclopramide','Various (Maxolon)','10',NULL,'6','10.00','17.00','9.8219','amp','2','40','320','B-5',NULL,NULL,'active','1','2026-07-14 09:29:38','2026-07-14 09:29:38',NULL),
('85','MED-00085','8908074865748','Tranexamic Acid Injection','Tranexamic Acid','Various (Transamin)','10',NULL,'6','28.00','45.00','27.8715','amp','165','30','240','A-2',NULL,NULL,'active','1','2026-07-14 09:29:38','2026-07-14 09:29:38',NULL),
('86','MED-00086','8902843699330','Normal Saline 500ml IV','Sodium Chloride 0.9%','Otsuka','10',NULL,'2','45.00','75.00','44.4505','bag','182','60','480','D-6',NULL,NULL,'active','1','2026-07-14 09:29:38','2026-07-14 09:29:38',NULL),
('87','MED-00087','8908447328172','Ringer Lactate 500ml IV','Ringer Lactate','Otsuka','10',NULL,'3','48.00','80.00','46.5759','bag','93','50','400','C-9',NULL,NULL,'active','1','2026-07-14 09:29:38','2026-07-14 09:29:38',NULL),
('88','MED-00088','8908416511506','Dextrose 5% 500ml IV','Dextrose','Otsuka','10',NULL,'3','45.00','75.00','43.3695','bag','103','50','400','E-1',NULL,NULL,'active','1','2026-07-14 09:29:38','2026-07-14 09:29:38',NULL),
('89','MED-00089','8905308810000','Disposable Syringe 5ml','Syringe 5ml','BD','11',NULL,'1','8.00','14.00','7.9848','pcs','786','300','2400','F-2',NULL,NULL,'active','1','2026-07-14 09:29:38','2026-07-14 09:29:38',NULL),
('90','MED-00090','8904869763752','Disposable Syringe 10ml','Syringe 10ml','BD','11',NULL,'4','10.00','17.00','9.7809','pcs','855','200','1600','E-2',NULL,NULL,'active','1','2026-07-14 09:29:38','2026-07-14 09:29:38',NULL),
('91','MED-00091','8908144110647','IV Cannula 22G','IV Cannula','B.Braun','11',NULL,'4','25.00','40.00','24.9898','pcs','16','100','800','F-4',NULL,NULL,'active','1','2026-07-14 09:29:38','2026-07-14 09:29:38',NULL),
('92','MED-00092','8902435716905','Surgical Gloves (Pair)','Latex Gloves','Ansell','11','20','4','15.00','25.00','14.8284','pair','554','150','1200','D-6',NULL,NULL,'active','1','2026-07-14 09:29:38','2026-07-14 09:29:38',NULL),
('93','MED-00093','8904719608106','Cotton Roll 500g','Absorbent Cotton','Various','11','20','5','180.00','270.00','177.9195','roll','77','15','120','D-8',NULL,NULL,'active','1','2026-07-14 09:29:38','2026-07-14 09:29:38',NULL),
('94','MED-00094','8905936096254','Elastic Bandage 4in','Crepe Bandage','Various','11','20','2','45.00','70.00','43.9260','roll','132','40','320','C-7',NULL,NULL,'active','1','2026-07-14 09:29:38','2026-07-14 09:29:38',NULL),
('95','MED-00095','8902169316564','Adhesive Plaster Strips','First Aid Plasters','J&J (Band-Aid)','11','20','1','95.00','150.00','91.6162','box','59','25','200','F-4',NULL,NULL,'active','1','2026-07-14 09:29:38','2026-07-14 09:29:38',NULL),
('96','MED-00096','8906201725605','Povidone Iodine 60ml','Povidone Iodine 10%','Various (Pyodine)','11','20','5','55.00','85.00','54.6744','bottle','32','25','200','A-5',NULL,NULL,'active','1','2026-07-14 09:29:38','2026-07-14 09:29:38',NULL),
('97','MED-00097','8905701084691','Digital Thermometer','Thermometer','Omron','11',NULL,'1','180.00','300.00','174.8147','pcs','16','10','80','B-6',NULL,NULL,'active','1','2026-07-14 09:29:38','2026-07-14 09:29:38',NULL),
('98','MED-00098','8903966718918','Chloramphenicol Eye Drops','Chloramphenicol','Various','12',NULL,'2','40.00','65.00','38.8664','bottle','1','25','200','C-5',NULL,NULL,'active','1','2026-07-14 09:29:38','2026-07-14 09:29:38',NULL),
('99','MED-00099','8906147766997','Artificial Tears 10ml','Hypromellose','Alcon (Tears Naturale)','12',NULL,'5','150.00','230.00','146.8531','bottle','62','15','120','D-1',NULL,NULL,'active','1','2026-07-14 09:29:38','2026-07-14 09:29:38',NULL),
('100','MED-00100','8904499201140','Xylometazoline Nasal Drops','Xylometazoline','Novartis (Otrivin)','12',NULL,'1','85.00','130.00','83.8023','bottle','71','20','160','B-5',NULL,NULL,'active','1','2026-07-14 09:29:38','2026-07-14 23:29:07',NULL),
('101','MED-00101',NULL,'Acyclovir Cream 5g (copy)','Acyclovir','GSK (Zovirax)','8',NULL,'5','90.00','140.00','87.1489','tube','0','15','120','E-2',NULL,NULL,'active','1','2026-07-14 23:40:51','2026-07-14 23:40:55','2026-07-14 23:40:55'),
('102','MED-00102',NULL,'Acyclovir Cream 5g (copy)','Acyclovir','GSK (Zovirax)','8',NULL,'5','90.00','140.00','87.1489','tube','0','15','120','E-2',NULL,NULL,'active','1','2026-07-14 23:40:53','2026-07-14 23:40:58','2026-07-14 23:40:58'),
('103','MED-00103',NULL,'Acyclovir Cream 5g (copy)','Acyclovir','GSK (Zovirax)','8',NULL,'5','90.00','140.00','87.1489','tube','0','15','120','E-2',NULL,NULL,'active','1','2026-07-14 23:41:39','2026-07-14 23:41:43','2026-07-14 23:41:43'),
('104','MED-00104',NULL,'Khan Lotions','Khan Lotions',NULL,'21',NULL,'7','10.00','20.00','10.0000','box','1','1','0',NULL,NULL,NULL,'active','1','2026-07-14 23:43:39','2026-07-14 23:45:13',NULL);

DROP TABLE IF EXISTS `purchase_items`;
CREATE TABLE `purchase_items` (
  `id` int unsigned NOT NULL AUTO_INCREMENT,
  `purchase_id` int unsigned NOT NULL,
  `product_id` int unsigned NOT NULL,
  `batch_id` int unsigned DEFAULT NULL,
  `batch_number` varchar(60) COLLATE utf8mb4_unicode_ci DEFAULT NULL,
  `manufacturing_date` date DEFAULT NULL,
  `expiry_date` date DEFAULT NULL,
  `quantity` int NOT NULL,
  `returned_quantity` int NOT NULL DEFAULT '0',
  `unit_cost` decimal(12,2) NOT NULL,
  `line_total` decimal(14,2) NOT NULL,
  PRIMARY KEY (`id`),
  KEY `idx_pi_purchase` (`purchase_id`),
  KEY `idx_pi_product` (`product_id`),
  KEY `fk_pi_batch` (`batch_id`),
  CONSTRAINT `fk_pi_batch` FOREIGN KEY (`batch_id`) REFERENCES `product_batches` (`id`) ON DELETE SET NULL,
  CONSTRAINT `fk_pi_product` FOREIGN KEY (`product_id`) REFERENCES `products` (`id`),
  CONSTRAINT `fk_pi_purchase` FOREIGN KEY (`purchase_id`) REFERENCES `purchases` (`id`) ON DELETE CASCADE
) ENGINE=InnoDB DEFAULT CHARSET=utf8mb4 COLLATE=utf8mb4_unicode_ci;


DROP TABLE IF EXISTS `purchase_return_items`;
CREATE TABLE `purchase_return_items` (
  `id` int unsigned NOT NULL AUTO_INCREMENT,
  `purchase_return_id` int unsigned NOT NULL,
  `purchase_item_id` int unsigned NOT NULL,
  `quantity` int NOT NULL,
  `value_amount` decimal(12,2) NOT NULL DEFAULT '0.00',
  PRIMARY KEY (`id`),
  KEY `idx_pri_return` (`purchase_return_id`),
  KEY `idx_pri_item` (`purchase_item_id`),
  CONSTRAINT `fk_pri_item` FOREIGN KEY (`purchase_item_id`) REFERENCES `purchase_items` (`id`),
  CONSTRAINT `fk_pri_return` FOREIGN KEY (`purchase_return_id`) REFERENCES `purchase_returns` (`id`) ON DELETE CASCADE
) ENGINE=InnoDB DEFAULT CHARSET=utf8mb4 COLLATE=utf8mb4_unicode_ci;


DROP TABLE IF EXISTS `purchase_returns`;
CREATE TABLE `purchase_returns` (
  `id` int unsigned NOT NULL AUTO_INCREMENT,
  `return_number` varchar(40) COLLATE utf8mb4_unicode_ci NOT NULL,
  `purchase_id` int unsigned NOT NULL,
  `supplier_id` int unsigned NOT NULL,
  `reason` enum('damaged','expired','wrong_item','overstock','quality','other') COLLATE utf8mb4_unicode_ci NOT NULL,
  `total_value` decimal(14,2) NOT NULL DEFAULT '0.00',
  `note` varchar(255) COLLATE utf8mb4_unicode_ci DEFAULT NULL,
  `created_by` int unsigned DEFAULT NULL,
  `created_at` datetime NOT NULL DEFAULT CURRENT_TIMESTAMP,
  PRIMARY KEY (`id`),
  UNIQUE KEY `uq_pr_number` (`return_number`),
  KEY `idx_pr_purchase` (`purchase_id`),
  KEY `idx_pr_supplier` (`supplier_id`),
  KEY `fk_pr_user` (`created_by`),
  CONSTRAINT `fk_pr_purchase` FOREIGN KEY (`purchase_id`) REFERENCES `purchases` (`id`),
  CONSTRAINT `fk_pr_supplier` FOREIGN KEY (`supplier_id`) REFERENCES `suppliers` (`id`),
  CONSTRAINT `fk_pr_user` FOREIGN KEY (`created_by`) REFERENCES `users` (`id`) ON DELETE SET NULL
) ENGINE=InnoDB DEFAULT CHARSET=utf8mb4 COLLATE=utf8mb4_unicode_ci;


DROP TABLE IF EXISTS `purchases`;
CREATE TABLE `purchases` (
  `id` int unsigned NOT NULL AUTO_INCREMENT,
  `invoice_number` varchar(40) COLLATE utf8mb4_unicode_ci NOT NULL,
  `supplier_id` int unsigned NOT NULL,
  `purchase_date` date NOT NULL,
  `subtotal` decimal(14,2) NOT NULL DEFAULT '0.00',
  `discount` decimal(12,2) NOT NULL DEFAULT '0.00',
  `shipping` decimal(12,2) NOT NULL DEFAULT '0.00',
  `tax` decimal(12,2) NOT NULL DEFAULT '0.00',
  `grand_total` decimal(14,2) NOT NULL DEFAULT '0.00',
  `paid_amount` decimal(14,2) NOT NULL DEFAULT '0.00',
  `payment_status` enum('paid','partial','unpaid') COLLATE utf8mb4_unicode_ci NOT NULL DEFAULT 'unpaid',
  `notes` text COLLATE utf8mb4_unicode_ci,
  `created_by` int unsigned DEFAULT NULL,
  `created_at` datetime NOT NULL DEFAULT CURRENT_TIMESTAMP,
  `updated_at` datetime NOT NULL DEFAULT CURRENT_TIMESTAMP ON UPDATE CURRENT_TIMESTAMP,
  `deleted_at` datetime DEFAULT NULL,
  PRIMARY KEY (`id`),
  UNIQUE KEY `uq_purch_invoice` (`invoice_number`),
  KEY `idx_purch_supplier` (`supplier_id`),
  KEY `idx_purch_date` (`purchase_date`),
  KEY `idx_purch_status` (`payment_status`),
  KEY `fk_purch_user` (`created_by`),
  CONSTRAINT `fk_purch_supplier` FOREIGN KEY (`supplier_id`) REFERENCES `suppliers` (`id`),
  CONSTRAINT `fk_purch_user` FOREIGN KEY (`created_by`) REFERENCES `users` (`id`) ON DELETE SET NULL
) ENGINE=InnoDB AUTO_INCREMENT=4 DEFAULT CHARSET=utf8mb4 COLLATE=utf8mb4_unicode_ci;

INSERT INTO `purchases` VALUES
('1','PUR-2026-0339','3','2026-07-09','127500.00','600.00','2000.00','0.00','128900.00','0.00','unpaid','31 items — Herat consignment','1','2026-07-14 09:29:38','2026-07-14 09:29:38',NULL),
('2','PUR-2026-0340','2','2026-07-11','95150.00','0.00','1000.00','0.00','96150.00','32000.00','partial','7 items','1','2026-07-14 09:29:38','2026-07-14 09:29:38',NULL),
('3','PUR-2026-0341','1','2026-07-12','42100.00','500.00','1000.00','0.00','42600.00','42600.00','paid','18 items — morning delivery','1','2026-07-14 09:29:38','2026-07-14 09:29:38',NULL);

DROP TABLE IF EXISTS `sale_items`;
CREATE TABLE `sale_items` (
  `id` int unsigned NOT NULL AUTO_INCREMENT,
  `sale_id` int unsigned NOT NULL,
  `product_id` int unsigned NOT NULL,
  `batch_id` int unsigned DEFAULT NULL,
  `quantity` int NOT NULL,
  `returned_quantity` int NOT NULL DEFAULT '0',
  `unit_price` decimal(12,2) NOT NULL,
  `unit_cost` decimal(12,2) NOT NULL DEFAULT '0.00',
  `discount` decimal(12,2) NOT NULL DEFAULT '0.00',
  `line_total` decimal(14,2) NOT NULL,
  PRIMARY KEY (`id`),
  KEY `idx_si_sale` (`sale_id`),
  KEY `idx_si_product` (`product_id`),
  KEY `fk_si_batch` (`batch_id`),
  CONSTRAINT `fk_si_batch` FOREIGN KEY (`batch_id`) REFERENCES `product_batches` (`id`) ON DELETE SET NULL,
  CONSTRAINT `fk_si_product` FOREIGN KEY (`product_id`) REFERENCES `products` (`id`),
  CONSTRAINT `fk_si_sale` FOREIGN KEY (`sale_id`) REFERENCES `sales` (`id`) ON DELETE CASCADE
) ENGINE=InnoDB AUTO_INCREMENT=15 DEFAULT CHARSET=utf8mb4 COLLATE=utf8mb4_unicode_ci;

INSERT INTO `sale_items` VALUES
('1','1','15','15','4','0','50.00','0.60','0.00','200.00'),
('2','1','16','16','1','0','85.00','55.00','0.00','85.00'),
('3','2','4','4','1','0','25.00','15.00','0.00','25.00'),
('4','3','16','16','1','0','85.00','55.00','0.00','85.00'),
('5','3','15','15','1','0','1.00','0.60','0.00','1.00'),
('6','3','100','100','1','0','130.00','85.00','0.00','130.00'),
('7','4','15','15','1','0','1.00','0.60','0.00','1.00'),
('8','4','16','16','1','0','85.00','55.00','0.00','85.00'),
('9','4','100','100','1','0','130.00','85.00','0.00','130.00'),
('10','5','104','101','9','0','20.00','10.00','0.00','180.00'),
('11','6','15','15','1','0','1.00','0.60','0.00','1.00'),
('12','6','4','4','1','0','25.00','15.00','0.00','25.00'),
('13','7','2','2','1','1','4.00','2.50','0.00','4.00'),
('14','7','58','58','1','1','13.00','8.00','0.00','13.00');

DROP TABLE IF EXISTS `sale_payments`;
CREATE TABLE `sale_payments` (
  `id` int unsigned NOT NULL AUTO_INCREMENT,
  `sale_id` int unsigned NOT NULL,
  `method` enum('cash','card','bank','mobile') COLLATE utf8mb4_unicode_ci NOT NULL,
  `amount` decimal(12,2) NOT NULL,
  PRIMARY KEY (`id`),
  KEY `idx_sp_sale` (`sale_id`),
  CONSTRAINT `fk_sp_sale` FOREIGN KEY (`sale_id`) REFERENCES `sales` (`id`) ON DELETE CASCADE
) ENGINE=InnoDB AUTO_INCREMENT=7 DEFAULT CHARSET=utf8mb4 COLLATE=utf8mb4_unicode_ci;

INSERT INTO `sale_payments` VALUES
('1','1','cash','285.00'),
('2','2','cash','25.00'),
('3','4','cash','216.00'),
('4','5','cash','180.00'),
('5','6','cash','26.00'),
('6','7','cash','17.00');

DROP TABLE IF EXISTS `sale_return_items`;
CREATE TABLE `sale_return_items` (
  `id` int unsigned NOT NULL AUTO_INCREMENT,
  `sale_return_id` int unsigned NOT NULL,
  `sale_item_id` int unsigned NOT NULL,
  `quantity` int NOT NULL,
  `refund_amount` decimal(12,2) NOT NULL DEFAULT '0.00',
  PRIMARY KEY (`id`),
  KEY `idx_sri_return` (`sale_return_id`),
  KEY `idx_sri_item` (`sale_item_id`),
  CONSTRAINT `fk_sri_item` FOREIGN KEY (`sale_item_id`) REFERENCES `sale_items` (`id`),
  CONSTRAINT `fk_sri_return` FOREIGN KEY (`sale_return_id`) REFERENCES `sale_returns` (`id`) ON DELETE CASCADE
) ENGINE=InnoDB AUTO_INCREMENT=3 DEFAULT CHARSET=utf8mb4 COLLATE=utf8mb4_unicode_ci;

INSERT INTO `sale_return_items` VALUES
('1','1','13','1','4.00'),
('2','1','14','1','13.00');

DROP TABLE IF EXISTS `sale_returns`;
CREATE TABLE `sale_returns` (
  `id` int unsigned NOT NULL AUTO_INCREMENT,
  `return_number` varchar(40) COLLATE utf8mb4_unicode_ci NOT NULL,
  `sale_id` int unsigned NOT NULL,
  `reason` enum('wrong_medicine','damaged','expired','changed_mind','duplicate','other') COLLATE utf8mb4_unicode_ci NOT NULL,
  `refund_total` decimal(14,2) NOT NULL DEFAULT '0.00',
  `cost_restored` decimal(14,2) NOT NULL DEFAULT '0.00',
  `income_id` int unsigned DEFAULT NULL,
  `note` varchar(255) COLLATE utf8mb4_unicode_ci DEFAULT NULL,
  `created_by` int unsigned DEFAULT NULL,
  `created_at` datetime NOT NULL DEFAULT CURRENT_TIMESTAMP,
  PRIMARY KEY (`id`),
  UNIQUE KEY `uq_sr_number` (`return_number`),
  KEY `idx_sr_sale` (`sale_id`),
  KEY `idx_sr_date` (`created_at`),
  KEY `fk_sr_income` (`income_id`),
  KEY `fk_sr_user` (`created_by`),
  CONSTRAINT `fk_sr_income` FOREIGN KEY (`income_id`) REFERENCES `incomes` (`id`) ON DELETE SET NULL,
  CONSTRAINT `fk_sr_sale` FOREIGN KEY (`sale_id`) REFERENCES `sales` (`id`),
  CONSTRAINT `fk_sr_user` FOREIGN KEY (`created_by`) REFERENCES `users` (`id`) ON DELETE SET NULL
) ENGINE=InnoDB AUTO_INCREMENT=2 DEFAULT CHARSET=utf8mb4 COLLATE=utf8mb4_unicode_ci;

INSERT INTO `sale_returns` VALUES
('1','RTN-2026-00001','7','changed_mind','17.00','10.50','67',NULL,'3','2026-07-15 14:59:52');

DROP TABLE IF EXISTS `sales`;
CREATE TABLE `sales` (
  `id` int unsigned NOT NULL AUTO_INCREMENT,
  `invoice_number` varchar(40) COLLATE utf8mb4_unicode_ci NOT NULL,
  `sale_date` date NOT NULL,
  `status` enum('completed','held','cancelled') COLLATE utf8mb4_unicode_ci NOT NULL DEFAULT 'completed',
  `subtotal` decimal(14,2) NOT NULL DEFAULT '0.00',
  `discount` decimal(12,2) NOT NULL DEFAULT '0.00',
  `grand_total` decimal(14,2) NOT NULL DEFAULT '0.00',
  `paid_amount` decimal(14,2) NOT NULL DEFAULT '0.00',
  `change_amount` decimal(12,2) NOT NULL DEFAULT '0.00',
  `total_cost` decimal(14,2) NOT NULL DEFAULT '0.00',
  `gross_profit` decimal(14,2) NOT NULL DEFAULT '0.00',
  `payment_method` enum('cash','card','bank','mobile','mixed') COLLATE utf8mb4_unicode_ci NOT NULL DEFAULT 'cash',
  `income_id` int unsigned DEFAULT NULL,
  `notes` varchar(255) COLLATE utf8mb4_unicode_ci DEFAULT NULL,
  `created_by` int unsigned DEFAULT NULL,
  `created_at` datetime NOT NULL DEFAULT CURRENT_TIMESTAMP,
  `updated_at` datetime NOT NULL DEFAULT CURRENT_TIMESTAMP ON UPDATE CURRENT_TIMESTAMP,
  PRIMARY KEY (`id`),
  UNIQUE KEY `uq_sales_invoice` (`invoice_number`),
  KEY `idx_sales_date` (`sale_date`),
  KEY `idx_sales_status` (`status`),
  KEY `idx_sales_cashier_date` (`created_by`,`sale_date`),
  KEY `fk_sales_income` (`income_id`),
  CONSTRAINT `fk_sales_income` FOREIGN KEY (`income_id`) REFERENCES `incomes` (`id`) ON DELETE SET NULL,
  CONSTRAINT `fk_sales_user` FOREIGN KEY (`created_by`) REFERENCES `users` (`id`) ON DELETE SET NULL
) ENGINE=InnoDB AUTO_INCREMENT=8 DEFAULT CHARSET=utf8mb4 COLLATE=utf8mb4_unicode_ci;

INSERT INTO `sales` VALUES
('1','SAL-2026-00001','2026-07-14','completed','285.00','0.00','285.00','285.00','0.00','57.40','227.60','cash','61',NULL,'1','2026-07-14 09:34:52','2026-07-14 09:34:52'),
('2','SAL-2026-00002','2026-07-14','completed','25.00','0.00','25.00','25.00','0.00','15.00','10.00','cash','62',NULL,'1','2026-07-14 09:49:50','2026-07-14 09:49:50'),
('3','SAL-2026-00003','2026-07-14','held','216.00','16.00','200.00','0.00','0.00','140.60','59.40','cash',NULL,NULL,'1','2026-07-14 23:28:34','2026-07-14 23:28:34'),
('4','SAL-2026-00004','2026-07-14','completed','216.00','0.00','216.00','216.00','0.00','140.60','75.40','cash','63',NULL,'1','2026-07-14 23:29:07','2026-07-14 23:29:07'),
('5','SAL-2026-00005','2026-07-14','completed','180.00','0.00','180.00','180.00','0.00','90.00','90.00','cash','64',NULL,'1','2026-07-14 23:45:13','2026-07-14 23:45:13'),
('6','SAL-2026-00006','2026-07-15','completed','26.00','0.00','26.00','26.00','0.00','15.60','10.40','cash','65',NULL,'3','2026-07-15 14:41:30','2026-07-15 14:41:30'),
('7','SAL-2026-00007','2026-07-15','completed','17.00','0.00','17.00','17.00','0.00','10.50','6.50','cash','66',NULL,'3','2026-07-15 14:44:47','2026-07-15 14:44:47');

DROP TABLE IF EXISTS `scan_events`;
CREATE TABLE `scan_events` (
  `id` bigint unsigned NOT NULL AUTO_INCREMENT,
  `token` char(32) COLLATE utf8mb4_unicode_ci NOT NULL,
  `barcode` varchar(80) COLLATE utf8mb4_unicode_ci NOT NULL,
  `consumed` tinyint(1) NOT NULL DEFAULT '0',
  `created_at` datetime NOT NULL DEFAULT CURRENT_TIMESTAMP,
  PRIMARY KEY (`id`),
  KEY `idx_se_token` (`token`,`consumed`),
  CONSTRAINT `fk_se_session` FOREIGN KEY (`token`) REFERENCES `scan_sessions` (`token`) ON DELETE CASCADE
) ENGINE=InnoDB AUTO_INCREMENT=4 DEFAULT CHARSET=utf8mb4 COLLATE=utf8mb4_unicode_ci;


DROP TABLE IF EXISTS `scan_sessions`;
CREATE TABLE `scan_sessions` (
  `token` char(32) COLLATE utf8mb4_unicode_ci NOT NULL,
  `created_by` int unsigned NOT NULL,
  `created_at` datetime NOT NULL DEFAULT CURRENT_TIMESTAMP,
  `expires_at` datetime NOT NULL,
  PRIMARY KEY (`token`),
  KEY `fk_ss_user` (`created_by`),
  CONSTRAINT `fk_ss_user` FOREIGN KEY (`created_by`) REFERENCES `users` (`id`) ON DELETE CASCADE
) ENGINE=InnoDB DEFAULT CHARSET=utf8mb4 COLLATE=utf8mb4_unicode_ci;

INSERT INTO `scan_sessions` VALUES
('0fc2cc98f840659b5240532854a6d7ac','1','2026-07-15 13:51:44','2026-07-15 14:06:44'),
('e099eea1b597bc8870f6e7ab734fd211','1','2026-07-15 13:58:20','2026-07-15 14:13:20');

DROP TABLE IF EXISTS `settings`;
CREATE TABLE `settings` (
  `setting_key` varchar(60) COLLATE utf8mb4_unicode_ci NOT NULL,
  `setting_value` text COLLATE utf8mb4_unicode_ci,
  `updated_at` datetime NOT NULL DEFAULT CURRENT_TIMESTAMP ON UPDATE CURRENT_TIMESTAMP,
  PRIMARY KEY (`setting_key`)
) ENGINE=InnoDB DEFAULT CHARSET=utf8mb4 COLLATE=utf8mb4_unicode_ci;

INSERT INTO `settings` VALUES
('backup_auto','1','2026-07-14 09:29:38'),
('backup_every_hours','24','2026-07-14 09:29:38'),
('company_address','Kabul, Afghanistan','2026-07-14 09:29:38'),
('company_name','Arya Pharmacy','2026-07-14 09:29:38'),
('company_phone','+93 70 000 0000','2026-07-14 09:29:38'),
('currency','AFN','2026-07-14 09:29:38'),
('currency_symbol','','2026-07-15 13:57:14'),
('expiry_warning_days','90','2026-07-14 09:29:38'),
('hold_expire_days','7','2026-07-14 09:29:38'),
('installed','1','2026-07-14 09:29:38'),
('language','en','2026-07-14 09:29:38'),
('last_auto_backup',NULL,'2026-07-14 09:29:38'),
('logo_path','uploads/branding/20260715-135708-16369651.png','2026-07-15 13:57:08'),
('low_stock_threshold','100','2026-07-15 13:57:40'),
('max_discount_percent','10','2026-07-14 09:29:38'),
('pharmacy_address','Apt 66, Building 21, 3rd Makroray, PD9','2026-07-15 13:57:40'),
('pharmacy_email','shahpuor.aryaee@hotmail.com','2026-07-15 13:57:40'),
('pharmacy_name','Afghan Pharma','2026-07-15 13:57:14'),
('pharmacy_name_fa','افغان فارما','2026-07-15 13:57:14'),
('pharmacy_phone','0776122898','2026-07-15 13:57:40'),
('receipt_footer','Thank you — get well soon!','2026-07-14 09:29:38'),
('tax_percent','0','2026-07-14 09:29:38'),
('theme','light','2026-07-14 09:29:38');

DROP TABLE IF EXISTS `supplier_ledger`;
CREATE TABLE `supplier_ledger` (
  `id` bigint unsigned NOT NULL AUTO_INCREMENT,
  `supplier_id` int unsigned NOT NULL,
  `entry_type` enum('purchase','payment','adjustment') COLLATE utf8mb4_unicode_ci NOT NULL,
  `debit` decimal(14,2) NOT NULL DEFAULT '0.00',
  `credit` decimal(14,2) NOT NULL DEFAULT '0.00',
  `balance_after` decimal(14,2) NOT NULL DEFAULT '0.00',
  `reference_id` int unsigned DEFAULT NULL,
  `note` varchar(255) COLLATE utf8mb4_unicode_ci DEFAULT NULL,
  `created_by` int unsigned DEFAULT NULL,
  `created_at` datetime NOT NULL DEFAULT CURRENT_TIMESTAMP,
  PRIMARY KEY (`id`),
  KEY `idx_sl_supplier_date` (`supplier_id`,`created_at`),
  CONSTRAINT `fk_sl_supplier` FOREIGN KEY (`supplier_id`) REFERENCES `suppliers` (`id`) ON DELETE CASCADE
) ENGINE=InnoDB AUTO_INCREMENT=6 DEFAULT CHARSET=utf8mb4 COLLATE=utf8mb4_unicode_ci;

INSERT INTO `supplier_ledger` VALUES
('1','3','purchase','128900.00','0.00','128900.00','1','Invoice PUR-2026-0339','1','2026-07-14 09:29:38'),
('2','2','purchase','96150.00','0.00','96150.00','2','Invoice PUR-2026-0340','1','2026-07-14 09:29:38'),
('3','2','payment','0.00','32000.00','64150.00','2','Cash payment on delivery','1','2026-07-14 09:29:38'),
('4','1','purchase','42600.00','0.00','42600.00','3','Invoice PUR-2026-0341','1','2026-07-14 09:29:38'),
('5','1','payment','0.00','42600.00','0.00','3','Paid in full','1','2026-07-14 09:29:38');

DROP TABLE IF EXISTS `suppliers`;
CREATE TABLE `suppliers` (
  `id` int unsigned NOT NULL AUTO_INCREMENT,
  `name` varchar(150) COLLATE utf8mb4_unicode_ci NOT NULL,
  `contact_person` varchar(120) COLLATE utf8mb4_unicode_ci DEFAULT NULL,
  `phone` varchar(40) COLLATE utf8mb4_unicode_ci DEFAULT NULL,
  `email` varchar(120) COLLATE utf8mb4_unicode_ci DEFAULT NULL,
  `address` varchar(255) COLLATE utf8mb4_unicode_ci DEFAULT NULL,
  `balance` decimal(14,2) NOT NULL DEFAULT '0.00',
  `notes` text COLLATE utf8mb4_unicode_ci,
  `status` tinyint(1) NOT NULL DEFAULT '1',
  `created_at` datetime NOT NULL DEFAULT CURRENT_TIMESTAMP,
  `updated_at` datetime NOT NULL DEFAULT CURRENT_TIMESTAMP ON UPDATE CURRENT_TIMESTAMP,
  `deleted_at` datetime DEFAULT NULL,
  PRIMARY KEY (`id`),
  KEY `idx_sup_name` (`name`),
  KEY `idx_sup_phone` (`phone`)
) ENGINE=InnoDB AUTO_INCREMENT=8 DEFAULT CHARSET=utf8mb4 COLLATE=utf8mb4_unicode_ci;

INSERT INTO `suppliers` VALUES
('1','Roshan Pharma Ltd','Ahmad Roshan','+93 70 111 2233','sales@roshanpharma.af','Karte Naw, Kabul','0.00',NULL,'1','2026-07-14 09:29:38','2026-07-14 09:29:38',NULL),
('2','Kabul Medica Import','Sadaf Hashimi','+93 78 445 9012','info@kabulmedica.af','Jada-e-Maiwand, Kabul','64150.00',NULL,'1','2026-07-14 09:29:38','2026-07-14 09:29:38',NULL),
('3','Herat Health Supplies','Bashir Tawana','+93 79 220 4455','order@herathealth.af','Bagh-e-Azadi, Herat','128900.00',NULL,'1','2026-07-14 09:29:38','2026-07-14 09:29:38',NULL),
('4','Ariana Medical Traders','Omid Safi','+93 74 887 6600','ariana.med@gmail.com','Mazar-e-Sharif','0.00',NULL,'1','2026-07-14 09:29:38','2026-07-14 09:29:38',NULL),
('5','Pamir Pharmaceuticals','Latifa Qaderi','+93 72 334 1188','pamirpharma@outlook.com','Pul-e-Surkh, Kabul','0.00',NULL,'1','2026-07-14 09:29:38','2026-07-14 09:29:38',NULL),
('6','Salaam Surgical & Pharma','Naseer Ahmad','+93 77 990 3321','salaam.pharma@gmail.com','Jalalabad','0.00',NULL,'1','2026-07-14 09:29:38','2026-07-14 09:29:38',NULL),
('7','Khan Sehat Ltd','Saleem Khan','1234567890','info@khansehat.com','Chaman-e-Huzoro','0.00',NULL,'1','2026-07-14 23:37:29','2026-07-14 23:37:29',NULL);

DROP TABLE IF EXISTS `users`;
CREATE TABLE `users` (
  `id` int unsigned NOT NULL AUTO_INCREMENT,
  `username` varchar(50) COLLATE utf8mb4_unicode_ci NOT NULL,
  `password_hash` varchar(255) COLLATE utf8mb4_unicode_ci NOT NULL,
  `full_name` varchar(120) COLLATE utf8mb4_unicode_ci NOT NULL,
  `role` enum('owner','manager','storekeeper','accountant','cashier') COLLATE utf8mb4_unicode_ci NOT NULL DEFAULT 'storekeeper',
  `phone` varchar(30) COLLATE utf8mb4_unicode_ci DEFAULT NULL,
  `status` tinyint(1) NOT NULL DEFAULT '1',
  `last_login_at` datetime DEFAULT NULL,
  `created_at` datetime NOT NULL DEFAULT CURRENT_TIMESTAMP,
  `updated_at` datetime NOT NULL DEFAULT CURRENT_TIMESTAMP ON UPDATE CURRENT_TIMESTAMP,
  `deleted_at` datetime DEFAULT NULL,
  PRIMARY KEY (`id`),
  UNIQUE KEY `uq_users_username` (`username`)
) ENGINE=InnoDB AUTO_INCREMENT=5 DEFAULT CHARSET=utf8mb4 COLLATE=utf8mb4_unicode_ci;

INSERT INTO `users` VALUES
('1','owner','$2y$10$Xv7H1VWWjW4qMq4WkW18uutukBOHfHkE0MbrudmSyKhS5HtNatuL.','Nadia Rahimi','owner',NULL,'1','2026-07-15 15:07:20','2026-07-14 09:29:38','2026-07-15 15:07:20',NULL),
('2','manager','$2y$10$Xv7H1VWWjW4qMq4WkW18uutukBOHfHkE0MbrudmSyKhS5HtNatuL.','Farid Ahmadi','manager',NULL,'1','2026-07-15 13:44:53','2026-07-14 09:29:38','2026-07-15 13:44:53',NULL),
('3','cashier','$2y$10$Xv7H1VWWjW4qMq4WkW18uutukBOHfHkE0MbrudmSyKhS5HtNatuL.','Jawed Karimi','cashier',NULL,'1','2026-07-15 14:41:00','2026-07-14 09:29:38','2026-07-15 14:41:00',NULL),
('4','accounts','$2y$10$Xv7H1VWWjW4qMq4WkW18uutukBOHfHkE0MbrudmSyKhS5HtNatuL.','Zahra Noori','accountant',NULL,'1','2026-07-15 13:45:24','2026-07-14 09:29:38','2026-07-15 13:45:24',NULL);

SET FOREIGN_KEY_CHECKS = 1;
