-- Arya Pharma Manager — seed data (generated)
SET FOREIGN_KEY_CHECKS = 0;


INSERT INTO users (id, username, password_hash, full_name, role) VALUES
(1,'owner','__SET_BY_INSTALLER__','Nadia Rahimi','owner'),
(2,'manager','__SET_BY_INSTALLER__','Farid Ahmadi','manager'),
(3,'store','__SET_BY_INSTALLER__','Jawed Karimi','storekeeper'),
(4,'accounts','__SET_BY_INSTALLER__','Zahra Noori','accountant');

INSERT INTO categories (id,parent_id,name,sort_order,status) VALUES
(1,NULL,'Antibiotics',1,1),
(2,NULL,'Analgesics & Antipyretics',2,1),
(3,NULL,'Gastrointestinal',3,1),
(4,NULL,'Cardiovascular',4,1),
(5,NULL,'Diabetes',5,1),
(6,NULL,'Respiratory',6,1),
(7,NULL,'Vitamins & Supplements',7,1),
(8,NULL,'Dermatology',8,1),
(9,NULL,'Syrups & Suspensions',9,1),
(10,NULL,'Injections',10,1),
(11,NULL,'Medical Supplies',11,1),
(12,NULL,'Ophthalmic & ENT',12,1),
(13,1,'Penicillins',13,1),
(14,1,'Cephalosporins',14,1),
(15,1,'Macrolides',15,1),
(16,2,'NSAIDs',16,1),
(17,3,'Antacids & PPIs',17,1),
(18,6,'Antihistamines',18,1),
(19,7,'Multivitamins',19,1),
(20,11,'First Aid',20,1);

INSERT INTO suppliers (id,name,contact_person,phone,email,address,balance,status) VALUES
(1,'Roshan Pharma Ltd','Ahmad Roshan','+93 70 111 2233','sales@roshanpharma.af','Karte Naw, Kabul',0.00,1),
(2,'Kabul Medica Import','Sadaf Hashimi','+93 78 445 9012','info@kabulmedica.af','Jada-e-Maiwand, Kabul',0.00,1),
(3,'Herat Health Supplies','Bashir Tawana','+93 79 220 4455','order@herathealth.af','Bagh-e-Azadi, Herat',0.00,1),
(4,'Ariana Medical Traders','Omid Safi','+93 74 887 6600','ariana.med@gmail.com','Mazar-e-Sharif',0.00,1),
(5,'Pamir Pharmaceuticals','Latifa Qaderi','+93 72 334 1188','pamirpharma@outlook.com','Pul-e-Surkh, Kabul',0.00,1),
(6,'Salaam Surgical & Pharma','Naseer Ahmad','+93 77 990 3321','salaam.pharma@gmail.com','Jalalabad',0.00,1);


INSERT INTO expense_categories (id,name) VALUES
(1,'Rent'),(2,'Salary'),(3,'Electricity'),(4,'Internet'),(5,'Water'),(6,'Transport'),
(7,'Marketing'),(8,'Maintenance'),(9,'Cleaning'),(10,'Stationery'),(11,'Tax'),(12,'Miscellaneous');
INSERT INTO income_categories (id,name) VALUES
(1,'Medicine Sales'),(2,'Delivery'),(3,'Consultation'),(4,'Other');

INSERT INTO products (id,product_code,barcode,medicine_name,generic_name,brand_name,category_id,subcategory_id,supplier_id,purchase_price,selling_price,average_cost,unit,quantity,min_quantity,max_quantity,location,description,status,created_by) VALUES
(1,'MED-00001','8903768137342','Amoxicillin 250mg Caps','Amoxicillin','GSK',1,13,1,1.8,3.0,1.7888,'caps',100,100,800,'D-8',NULL,'active',1),
(2,'MED-00002','8906907972518','Amoxicillin 500mg Caps','Amoxicillin','GSK',1,13,5,2.5,4.0,2.457,'caps',101,100,800,'D-5',NULL,'active',1),
(3,'MED-00003','8906372115844','Amoxiclav 625mg Tabs','Amoxicillin + Clavulanic Acid','Cipla',1,13,5,12,18,11.7318,'tabs',143,60,480,'C-1',NULL,'active',1),
(4,'MED-00004','8902369774501','Azithromycin 250mg Tabs','Azithromycin','Pfizer',1,15,5,15,25,14.537,'tabs',154,40,320,'F-2',NULL,'active',1),
(5,'MED-00005','8909656103007','Azithromycin 500mg Tabs','Azithromycin','Sun Pharma',1,15,1,22,35,21.9354,'tabs',152,40,320,'C-8',NULL,'active',1),
(6,'MED-00006','8901975664996','Cefixime 400mg Tabs','Cefixime','Getz Pharma',1,14,6,25,40,24.9713,'tabs',165,30,240,'E-9',NULL,'active',1),
(7,'MED-00007','8901995058937','Ceftriaxone 1g Injection','Ceftriaxone','Bosch Pharma',10,14,5,45,70,44.3149,'vial',2,25,200,'F-9',NULL,'active',1),
(8,'MED-00008','8902280287229','Cephalexin 500mg Caps','Cephalexin','Hilton Pharma',1,14,4,8,13,7.8806,'caps',209,50,400,'D-1',NULL,'active',1),
(9,'MED-00009','8903612063365','Ciprofloxacin 500mg Tabs','Ciprofloxacin','Bayer',1,NULL,4,5,9,4.9092,'tabs',349,80,640,'C-4',NULL,'active',1),
(10,'MED-00010','8908710480399','Doxycycline 100mg Caps','Doxycycline','Searle',1,NULL,1,4,7,3.857,'caps',155,60,480,'C-7',NULL,'active',1),
(11,'MED-00011','8904524032922','Erythromycin 250mg Tabs','Erythromycin','Abbott',1,15,5,6,10,5.9872,'tabs',151,40,320,'A-9',NULL,'active',1),
(12,'MED-00012','8909383334324','Metronidazole 400mg Tabs','Metronidazole','Sanofi',1,NULL,6,2,4,1.9933,'tabs',363,120,960,'C-3',NULL,'active',1),
(13,'MED-00013','8906982361825','Clarithromycin 500mg Tabs','Clarithromycin','Abbott',1,15,3,30,48,29.9496,'tabs',61,20,160,'F-9',NULL,'active',1),
(14,'MED-00014','8908005010068','Levofloxacin 500mg Tabs','Levofloxacin','Getz Pharma',1,NULL,1,14,22,13.6196,'tabs',7,30,240,'B-2',NULL,'active',1),
(15,'MED-00015','8902069541766','Paracetamol 500mg Tabs','Acetaminophen','Ajanta',2,NULL,3,0.6,1.0,0.5819,'tabs',651,300,2400,'D-4',NULL,'active',1),
(16,'MED-00016','8909084422876','Paracetamol Syrup 120ml','Acetaminophen','GSK (Calpol)',9,NULL,6,55,85,54.1523,'bottle',156,30,240,'D-7',NULL,'active',1),
(17,'MED-00017','8901678507313','Ibuprofen 400mg Tabs','Ibuprofen','Abbott (Brufen)',2,16,1,1.5,2.5,1.4855,'tabs',879,150,1200,'A-6',NULL,'active',1),
(18,'MED-00018','8908978046746','Diclofenac 50mg Tabs','Diclofenac Sodium','Novartis (Voltral)',2,16,3,2,3.5,1.9507,'tabs',684,120,960,'C-7',NULL,'active',1),
(19,'MED-00019','8901648608539','Diclofenac Gel 20g','Diclofenac Diethylamine','Novartis',8,NULL,2,70,110,67.753,'tube',35,20,160,'C-8',NULL,'active',1),
(20,'MED-00020','8907248161098','Aspirin 75mg Tabs','Acetylsalicylic Acid','Bayer',4,NULL,5,0.8,1.5,0.7712,'tabs',840,200,1600,'B-4',NULL,'active',1),
(21,'MED-00021','8909591273091','Naproxen 500mg Tabs','Naproxen','RB (Synflex)',2,16,4,6,10,5.8294,'tabs',7,50,400,'A-3',NULL,'active',1),
(22,'MED-00022','8901118687787','Mefenamic Acid 500mg','Mefenamic Acid','Pfizer (Ponstan)',2,16,5,4,7,3.9094,'tabs',318,80,640,'C-1',NULL,'active',1),
(23,'MED-00023','8906221510005','Tramadol 50mg Caps','Tramadol HCl','Searle',2,NULL,2,5,9,4.8094,'caps',63,40,320,'B-4',NULL,'active',1),
(24,'MED-00024','8908573022505','Omeprazole 20mg Caps','Omeprazole','Getz (Risek)',3,17,2,4,7,3.8542,'caps',247,150,1200,'E-5',NULL,'active',1),
(25,'MED-00025','8907404911251','Omeprazole 40mg Caps','Omeprazole','Getz (Risek)',3,17,3,7,11,6.8776,'caps',311,80,640,'B-6',NULL,'active',1),
(26,'MED-00026','8908502660037','Esomeprazole 40mg Tabs','Esomeprazole','AstraZeneca (Nexum)',3,17,4,12,19,11.8287,'tabs',137,50,400,'B-7',NULL,'active',1),
(27,'MED-00027','8903049973410','Ranitidine 150mg Tabs','Ranitidine','GSK (Zantac)',3,17,3,2.5,4,2.4077,'tabs',337,80,640,'E-8',NULL,'active',1),
(28,'MED-00028','8908461204701','Antacid Suspension 120ml','Al/Mg Hydroxide','Searle (Mucaine)',3,17,3,60,95,59.9404,'bottle',6,25,200,'D-4',NULL,'active',1),
(29,'MED-00029','8906690782681','Domperidone 10mg Tabs','Domperidone','Janssen (Motilium)',3,NULL,6,3,5,2.9704,'tabs',287,80,640,'A-1',NULL,'active',1),
(30,'MED-00030','8909883968667','Ondansetron 8mg Tabs','Ondansetron','GSK (Zofran)',3,NULL,3,10,16,9.7893,'tabs',65,30,240,'F-9',NULL,'active',1),
(31,'MED-00031','8902417452314','Loperamide 2mg Caps','Loperamide','Janssen (Imodium)',3,NULL,2,3,5,2.993,'caps',180,60,480,'E-7',NULL,'active',1),
(32,'MED-00032','8904333803827','ORS Sachet (WHO)','Oral Rehydration Salts','Searle (Peditral)',3,NULL,3,9,15,8.8681,'sachet',618,120,960,'A-4',NULL,'active',1),
(33,'MED-00033','8903092256642','Hyoscine 10mg Tabs','Hyoscine Butylbromide','Boehringer (Buscopan)',3,NULL,5,4,7,3.9282,'tabs',322,60,480,'D-9',NULL,'active',1),
(34,'MED-00034','8908142623886','Lactulose Syrup 120ml','Lactulose','Abbott (Duphalac)',9,NULL,1,140,210,139.9654,'bottle',54,15,120,'D-9',NULL,'active',1),
(35,'MED-00035','8907553770164','Amlodipine 5mg Tabs','Amlodipine','Pfizer (Norvasc)',4,NULL,1,3,5,2.9712,'tabs',21,100,800,'B-4',NULL,'active',1),
(36,'MED-00036','8905769880174','Amlodipine 10mg Tabs','Amlodipine','Pfizer (Norvasc)',4,NULL,1,5,8,4.8209,'tabs',467,80,640,'F-1',NULL,'active',1),
(37,'MED-00037','8904924572957','Losartan 50mg Tabs','Losartan Potassium','MSD (Cozaar)',4,NULL,6,6,10,5.806,'tabs',446,80,640,'F-3',NULL,'active',1),
(38,'MED-00038','8908335885544','Valsartan 80mg Tabs','Valsartan','Novartis (Diovan)',4,NULL,4,12,19,11.8685,'tabs',50,40,320,'A-2',NULL,'active',1),
(39,'MED-00039','8906850528971','Atenolol 50mg Tabs','Atenolol','AstraZeneca (Tenormin)',4,NULL,4,2.5,4,2.4299,'tabs',240,80,640,'F-8',NULL,'active',1),
(40,'MED-00040','8903510371212','Bisoprolol 5mg Tabs','Bisoprolol','Merck (Concor)',4,NULL,6,8,13,7.7087,'tabs',161,50,400,'F-4',NULL,'active',1),
(41,'MED-00041','8904521079021','Atorvastatin 20mg Tabs','Atorvastatin','Pfizer (Lipitor)',4,NULL,3,9,15,8.7215,'tabs',105,60,480,'B-7',NULL,'active',1),
(42,'MED-00042','8904973590192','Rosuvastatin 10mg Tabs','Rosuvastatin','AstraZeneca (Crestor)',4,NULL,5,14,22,13.8495,'tabs',8,40,320,'C-7',NULL,'active',1),
(43,'MED-00043','8908170107037','Furosemide 40mg Tabs','Furosemide','Sanofi (Lasix)',4,NULL,1,1.5,3,1.4848,'tabs',200,80,640,'E-6',NULL,'active',1),
(44,'MED-00044','8902322748276','Spironolactone 25mg Tabs','Spironolactone','Searle (Aldactone)',4,NULL,5,4,7,3.9485,'tabs',108,40,320,'C-6',NULL,'active',1),
(45,'MED-00045','8909143852862','Metformin 500mg Tabs','Metformin HCl','Merck (Glucophage)',5,NULL,2,1.8,3,1.7572,'tabs',774,200,1600,'B-5',NULL,'active',1),
(46,'MED-00046','8903285831095','Metformin 850mg Tabs','Metformin HCl','Sun Pharma',5,NULL,5,2.5,4,2.4728,'tabs',334,150,1200,'E-6',NULL,'active',1),
(47,'MED-00047','8902287588172','Glibenclamide 5mg Tabs','Glibenclamide','Sanofi (Daonil)',5,NULL,3,1.5,2.5,1.446,'tabs',216,100,800,'A-4',NULL,'active',1),
(48,'MED-00048','8908262429704','Gliclazide 80mg Tabs','Gliclazide','Servier (Diamicron)',5,NULL,4,6,10,5.9183,'tabs',311,60,480,'F-2',NULL,'active',1),
(49,'MED-00049','8905061540327','Sitagliptin 50mg Tabs','Sitagliptin','MSD (Januvia)',5,NULL,5,35,55,34.1565,'tabs',3,20,160,'A-6',NULL,'active',1),
(50,'MED-00050','8902936992714','Insulin NPH 100IU Vial','Isophane Insulin','Novo Nordisk',5,NULL,3,450,720,444.3855,'vial',29,10,80,'B-8',NULL,'active',1),
(51,'MED-00051','8909448029206','Insulin Regular 100IU Vial','Regular Insulin','Novo Nordisk',5,NULL,1,450,720,442.131,'vial',48,10,80,'B-8',NULL,'active',1),
(52,'MED-00052','8904639545852','Insulin Mixtard 70/30 Vial','Biphasic Insulin','Novo Nordisk',5,NULL,5,480,760,476.2794,'vial',12,10,80,'C-9',NULL,'active',1),
(53,'MED-00053','8908772991757','Salbutamol Inhaler 200d','Salbutamol','GSK (Ventolin)',6,NULL,3,180,280,179.4864,'inhaler',61,20,160,'D-5',NULL,'active',1),
(54,'MED-00054','8907992381994','Salbutamol Syrup 120ml','Salbutamol','GSK (Ventolin)',9,NULL,6,65,100,63.4952,'bottle',97,20,160,'E-6',NULL,'active',1),
(55,'MED-00055','8903334783991','Montelukast 10mg Tabs','Montelukast','MSD (Singulair)',6,NULL,3,12,19,11.5264,'tabs',112,40,320,'D-8',NULL,'active',1),
(56,'MED-00056','8901044102499','Cetirizine 10mg Tabs','Cetirizine','GSK (Zyrtec)',6,18,2,1.5,3,1.4865,'tabs',20,150,1200,'E-4',NULL,'active',1),
(57,'MED-00057','8902375037474','Loratadine 10mg Tabs','Loratadine','Schering (Claritin)',6,18,5,2.5,4,2.463,'tabs',369,100,800,'E-1',NULL,'active',1),
(58,'MED-00058','8903725609275','Fexofenadine 120mg Tabs','Fexofenadine','Sanofi (Telfast)',6,18,3,8,13,7.7161,'tabs',261,50,400,'E-7',NULL,'active',1),
(59,'MED-00059','8906417970270','Chlorpheniramine 4mg Tabs','Chlorpheniramine','Various',6,18,6,0.5,1,0.4883,'tabs',399,200,1600,'B-4',NULL,'active',1),
(60,'MED-00060','8901483949340','Cough Syrup DM 120ml','Dextromethorphan','Cipla',9,NULL,2,60,95,59.3096,'bottle',145,25,200,'D-7',NULL,'active',1),
(61,'MED-00061','8903108057636','Ambroxol Syrup 120ml','Ambroxol HCl','Boehringer (Mucosolvan)',9,NULL,4,75,115,72.4962,'bottle',96,20,160,'D-3',NULL,'active',1),
(62,'MED-00062','8901935770451','Prednisolone 5mg Tabs','Prednisolone','Pfizer (Deltacortril)',6,NULL,3,1.5,3,1.4442,'tabs',375,100,800,'D-8',NULL,'active',1),
(63,'MED-00063','8905304293268','Dexamethasone 0.5mg Tabs','Dexamethasone','Various',6,NULL,1,0.8,1.5,0.7842,'tabs',23,100,800,'A-6',NULL,'active',1),
(64,'MED-00064','8909626357007','Multivitamin Tabs (30)','Multivitamins','Bayer (Supradyn)',7,19,2,280,420,278.1903,'pack',56,15,120,'B-5',NULL,'active',1),
(65,'MED-00065','8902964331011','Vitamin C 500mg Tabs','Ascorbic Acid','GSK (CaC-1000)',7,NULL,5,7,12,6.9019,'tabs',299,80,640,'B-4',NULL,'active',1),
(66,'MED-00066','8903375636183','Vitamin D3 200000IU Amp','Cholecalciferol','Various (Indrop-D)',7,NULL,6,95,150,94.1368,'amp',118,25,200,'A-2',NULL,'active',1),
(67,'MED-00067','8906170754923','Calcium + D3 Tabs (30)','Calcium Carbonate + D3','GSK (CaC Plus)',7,NULL,6,220,340,211.2576,'pack',87,15,120,'D-2',NULL,'active',1),
(68,'MED-00068','8905295551124','Folic Acid 5mg Tabs','Folic Acid','Various',7,NULL,4,0.6,1.2,0.586,'tabs',541,150,1200,'D-7',NULL,'active',1),
(69,'MED-00069','8903512464651','Ferrous Sulphate Tabs','Iron + Folic Acid','Abbott (Fefol)',7,NULL,5,3,5,2.953,'caps',127,100,800,'C-3',NULL,'active',1),
(70,'MED-00070','8902335266205','Zinc Sulphate 20mg Tabs','Zinc Sulphate','Various',7,NULL,3,1.5,3,1.4544,'tabs',17,100,800,'A-2',NULL,'active',1),
(71,'MED-00071','8909304810691','B-Complex Injection','Vitamin B Complex','Various (Neurobion)',10,NULL,4,35,55,34.9683,'amp',178,40,320,'E-1',NULL,'active',1),
(72,'MED-00072','8906586073577','Omega-3 Fish Oil Caps (30)','Omega-3 Fatty Acids','Various',7,19,2,350,520,343.6264,'pack',20,10,80,'E-4',NULL,'active',1),
(73,'MED-00073','8904879644049','Betamethasone Cream 15g','Betamethasone','GSK (Betnovate)',8,NULL,4,55,85,54.5705,'tube',84,25,200,'E-1',NULL,'active',1),
(74,'MED-00074','8902016520917','Clotrimazole Cream 20g','Clotrimazole','Bayer (Canesten)',8,NULL,4,65,100,63.7199,'tube',144,25,200,'A-6',NULL,'active',1),
(75,'MED-00075','8905349452553','Miconazole Cream 20g','Miconazole','Janssen (Daktarin)',8,NULL,6,75,115,72.7976,'tube',115,20,160,'A-9',NULL,'active',1),
(76,'MED-00076','8905995809802','Fusidic Acid Cream 15g','Fusidic Acid','LEO (Fucidin)',8,NULL,5,120,185,119.2021,'tube',45,15,120,'C-4',NULL,'active',1),
(77,'MED-00077','8908300877187','Permethrin Lotion 60ml','Permethrin 5%','Various (Lotrix)',8,NULL,2,85,130,83.6475,'bottle',2,15,120,'B-5',NULL,'active',1),
(78,'MED-00078','8905364060779','Acyclovir Cream 5g','Acyclovir','GSK (Zovirax)',8,NULL,5,90,140,87.1489,'tube',16,15,120,'E-2',NULL,'active',1),
(79,'MED-00079','8904147594430','Silver Sulfadiazine 50g','Silver Sulfadiazine','Various (Flamazine)',8,NULL,4,110,170,107.7437,'jar',46,10,80,'B-3',NULL,'active',1),
(80,'MED-00080','8903459528967','Hydrocortisone Cream 15g','Hydrocortisone 1%','Various',8,NULL,2,48,75,46.9444,'tube',113,20,160,'B-5',NULL,'active',1),
(81,'MED-00081','8904358450532','Ceftriaxone 500mg Injection','Ceftriaxone','Bosch Pharma',10,14,4,30,48,29.5021,'vial',100,25,200,'D-6',NULL,'active',1),
(82,'MED-00082','8904655272206','Diclofenac 75mg Injection','Diclofenac Sodium','Novartis (Voltral)',10,NULL,4,18,30,17.4408,'amp',288,50,400,'B-8',NULL,'active',1),
(83,'MED-00083','8908099873723','Dexamethasone 4mg Injection','Dexamethasone','Various',10,NULL,4,12,20,11.9083,'amp',282,50,400,'D-8',NULL,'active',1),
(84,'MED-00084','8902191370390','Metoclopramide Injection','Metoclopramide','Various (Maxolon)',10,NULL,6,10,17,9.8219,'amp',2,40,320,'B-5',NULL,'active',1),
(85,'MED-00085','8908074865748','Tranexamic Acid Injection','Tranexamic Acid','Various (Transamin)',10,NULL,6,28,45,27.8715,'amp',165,30,240,'A-2',NULL,'active',1),
(86,'MED-00086','8902843699330','Normal Saline 500ml IV','Sodium Chloride 0.9%','Otsuka',10,NULL,2,45,75,44.4505,'bag',182,60,480,'D-6',NULL,'active',1),
(87,'MED-00087','8908447328172','Ringer Lactate 500ml IV','Ringer Lactate','Otsuka',10,NULL,3,48,80,46.5759,'bag',93,50,400,'C-9',NULL,'active',1),
(88,'MED-00088','8908416511506','Dextrose 5% 500ml IV','Dextrose','Otsuka',10,NULL,3,45,75,43.3695,'bag',103,50,400,'E-1',NULL,'active',1),
(89,'MED-00089','8905308810000','Disposable Syringe 5ml','Syringe 5ml','BD',11,NULL,1,8,14,7.9848,'pcs',786,300,2400,'F-2',NULL,'active',1),
(90,'MED-00090','8904869763752','Disposable Syringe 10ml','Syringe 10ml','BD',11,NULL,4,10,17,9.7809,'pcs',855,200,1600,'E-2',NULL,'active',1),
(91,'MED-00091','8908144110647','IV Cannula 22G','IV Cannula','B.Braun',11,NULL,4,25,40,24.9898,'pcs',16,100,800,'F-4',NULL,'active',1),
(92,'MED-00092','8902435716905','Surgical Gloves (Pair)','Latex Gloves','Ansell',11,20,4,15,25,14.8284,'pair',554,150,1200,'D-6',NULL,'active',1),
(93,'MED-00093','8904719608106','Cotton Roll 500g','Absorbent Cotton','Various',11,20,5,180,270,177.9195,'roll',77,15,120,'D-8',NULL,'active',1),
(94,'MED-00094','8905936096254','Elastic Bandage 4in','Crepe Bandage','Various',11,20,2,45,70,43.926,'roll',132,40,320,'C-7',NULL,'active',1),
(95,'MED-00095','8902169316564','Adhesive Plaster Strips','First Aid Plasters','J&J (Band-Aid)',11,20,1,95,150,91.6162,'box',59,25,200,'F-4',NULL,'active',1),
(96,'MED-00096','8906201725605','Povidone Iodine 60ml','Povidone Iodine 10%','Various (Pyodine)',11,20,5,55,85,54.6744,'bottle',32,25,200,'A-5',NULL,'active',1),
(97,'MED-00097','8905701084691','Digital Thermometer','Thermometer','Omron',11,NULL,1,180,300,174.8147,'pcs',16,10,80,'B-6',NULL,'active',1),
(98,'MED-00098','8903966718918','Chloramphenicol Eye Drops','Chloramphenicol','Various',12,NULL,2,40,65,38.8664,'bottle',1,25,200,'C-5',NULL,'active',1),
(99,'MED-00099','8906147766997','Artificial Tears 10ml','Hypromellose','Alcon (Tears Naturale)',12,NULL,5,150,230,146.8531,'bottle',62,15,120,'D-1',NULL,'active',1),
(100,'MED-00100','8904499201140','Xylometazoline Nasal Drops','Xylometazoline','Novartis (Otrivin)',12,NULL,1,85,130,83.8023,'bottle',72,20,160,'B-5',NULL,'active',1);

INSERT INTO product_batches (id,product_id,batch_number,quantity,unit_cost,manufacturing_date,expiry_date) VALUES
(1,1,'B-48599',100,1.8,'2025-03-12','2026-09-08'),
(2,2,'B-32685',101,2.5,'2025-04-03','2026-09-30'),
(3,3,'B-31324',143,12,'2025-07-16','2026-07-16'),
(4,4,'B-32898',154,15,'2025-10-01','2028-09-30'),
(5,5,'B-58509',152,22,'2023-09-05','2026-09-04'),
(6,6,'B-73595',165,25,'2023-09-11','2026-09-10'),
(7,7,'B-60364',2,45,'2025-02-01','2026-07-31'),
(8,8,'B-60507',209,8,'2024-09-26','2026-09-26'),
(9,9,'B-29740',349,5,'2025-09-04','2026-09-04'),
(10,10,'B-43964',155,4,'2024-11-15','2027-11-15'),
(11,11,'B-90849',151,6,'2024-10-10','2026-10-10'),
(12,12,'B-15922',363,2,'2025-04-12','2026-10-09'),
(13,13,'B-31907',61,30,'2024-08-29','2026-08-29'),
(14,14,'B-69017',7,14,'2025-08-11','2026-08-11'),
(15,15,'B-47932',651,0.6,'2024-07-25','2026-07-25'),
(16,16,'B-54800',156,55,'2026-12-03','2028-05-31'),
(17,17,'B-96507',879,1.5,'2024-10-03','2026-10-03'),
(18,18,'B-41141',684,2,'2025-08-31','2026-08-31'),
(19,19,'B-53045',35,70,'2025-12-04','2026-12-04'),
(20,20,'B-47210',840,0.8,'2025-03-12','2026-09-08'),
(21,21,'B-39322',7,6,'2026-04-15','2028-04-14'),
(22,22,'B-59115',318,4,'2026-11-16','2028-11-15'),
(23,23,'B-62479',63,5,'2025-06-08','2026-06-08'),
(24,24,'B-52983',247,4,'2025-05-19','2026-11-15'),
(25,25,'B-34675',311,7,'2025-11-29','2026-11-29'),
(26,26,'B-72207',137,12,'2025-03-06','2026-09-02'),
(27,27,'B-48845',337,2.5,'2024-08-06','2026-08-06'),
(28,28,'B-79610',6,60,'2027-08-12','2028-08-11'),
(29,29,'B-56622',287,3,'2025-04-01','2026-09-28'),
(30,30,'B-71740',65,10,'2025-12-06','2028-12-05'),
(31,31,'B-14704',180,3,'2023-10-04','2026-10-03'),
(32,32,'B-94868',618,9,'2027-07-13','2028-07-12'),
(33,33,'B-95615',322,4,'2025-03-26','2027-03-26'),
(34,34,'B-76895',54,140,'2025-12-08','2026-12-08'),
(35,35,'B-56613',21,3,'2024-12-12','2027-12-12'),
(36,36,'B-21453',467,5,'2024-01-30','2027-01-29'),
(37,37,'B-21207',446,6,'2026-03-03','2028-03-02'),
(38,38,'B-56505',50,12,'2025-12-13','2026-12-13'),
(39,39,'B-26815',240,2.5,'2025-08-30','2026-08-30'),
(40,40,'B-27704',161,8,'2024-08-22','2027-08-22'),
(41,41,'B-52924',105,9,'2026-07-29','2028-07-28'),
(42,42,'B-57839',8,14,'2027-07-03','2028-07-02'),
(43,43,'B-40098',200,1.5,'2024-12-04','2027-12-04'),
(44,44,'B-23645',108,4,'2025-10-06','2026-10-06'),
(45,45,'B-70635',774,1.8,'2026-10-13','2028-04-10'),
(46,46,'B-63931',334,2.5,'2023-09-27','2026-09-26'),
(47,47,'B-13130',216,1.5,'2026-03-05','2027-09-01'),
(48,48,'B-86106',311,6,'2024-09-08','2027-09-08'),
(49,49,'B-71616',3,35,'2024-01-06','2027-01-05'),
(50,50,'B-89927',29,450,'2026-09-13','2028-09-12'),
(51,51,'B-76767',48,450,'2024-12-25','2026-12-25'),
(52,52,'B-73549',12,480,'2023-10-04','2026-10-03'),
(53,53,'B-49539',61,180,'2026-05-09','2027-11-05'),
(54,54,'B-11716',97,65,'2023-10-25','2026-10-24'),
(55,55,'B-35232',112,12,'2025-02-12','2026-08-11'),
(56,56,'B-15906',20,1.5,'2024-10-06','2026-10-06'),
(57,57,'B-13064',369,2.5,'2025-09-18','2028-09-17'),
(58,58,'B-94933',261,8,'2024-12-08','2026-12-08'),
(59,59,'B-98803',399,0.5,'2025-11-17','2028-11-16'),
(60,60,'B-30419',145,60,'2025-07-01','2028-06-30'),
(61,61,'B-27724',96,75,'2023-10-11','2026-10-10'),
(62,62,'B-42008',375,1.5,'2025-05-30','2027-05-30'),
(63,63,'B-10219',23,0.8,'2025-10-02','2026-10-02'),
(64,64,'B-15279',56,280,'2027-03-09','2028-03-08'),
(65,65,'B-20313',299,7,'2023-11-29','2026-11-28'),
(66,66,'B-31782',118,95,'2023-10-08','2026-10-07'),
(67,67,'B-23227',87,220,'2025-07-18','2026-07-18'),
(68,68,'B-54138',541,0.6,'2026-07-14','2027-07-14'),
(69,69,'B-42410',127,3,'2023-07-21','2026-07-20'),
(70,70,'B-78015',17,1.5,'2025-03-11','2026-09-07'),
(71,71,'B-64065',178,35,'2025-10-30','2026-10-30'),
(72,72,'B-73248',20,350,'2026-05-18','2027-05-18'),
(73,73,'B-12780',84,55,'2025-12-22','2027-12-22'),
(74,74,'B-44012',144,65,'2026-07-29','2028-01-25'),
(75,75,'B-94292',115,75,'2024-07-12','2027-07-12'),
(76,76,'B-12325',45,120,'2025-06-12','2026-12-09'),
(77,77,'B-36086',2,85,'2025-03-05','2028-03-04'),
(78,78,'B-85344',16,90,'2023-07-30','2026-07-29'),
(79,79,'B-22610',46,110,'2024-09-03','2026-09-03'),
(80,80,'B-80657',113,48,'2023-05-27','2026-05-26'),
(81,81,'B-69903',100,30,'2024-08-06','2026-08-06'),
(82,82,'B-36321',288,18,'2025-10-08','2026-10-08'),
(83,83,'B-62589',282,12,'2023-10-06','2026-10-05'),
(84,84,'B-95329',2,10,'2025-09-26','2026-09-26'),
(85,85,'B-21505',165,28,'2027-05-09','2028-05-08'),
(86,86,'B-32488',182,45,'2025-07-31','2026-07-31'),
(87,87,'B-39446',93,48,'2025-12-16','2026-12-16'),
(88,88,'B-25560',103,45,'2024-12-14','2026-06-12'),
(89,89,'B-86444',786,8,'2025-10-27','2027-04-25'),
(90,90,'B-51611',855,10,'2023-10-11','2026-10-10'),
(91,91,'B-15344',16,25,'2025-05-29','2026-11-25'),
(92,92,'B-98731',554,15,'2024-10-01','2026-10-01'),
(93,93,'B-40316',77,180,'2026-09-20','2028-03-18'),
(94,94,'B-60976',132,45,'2025-03-14','2026-09-10'),
(95,95,'B-94023',59,95,'2025-07-23','2027-01-19'),
(96,96,'B-95616',32,55,'2025-03-03','2026-08-30'),
(97,97,'B-90199',16,180,'2026-02-12','2028-02-12'),
(98,98,'B-29998',1,40,'2025-11-09','2028-11-08'),
(99,99,'B-20210',62,150,'2025-10-06','2026-10-06'),
(100,100,'B-72743',72,85,'2025-07-05','2027-01-01');

INSERT INTO inventory_movements (product_id,batch_id,movement_type,quantity_change,quantity_after,reference_type,reference_id,note,created_by,created_at) VALUES
(1,1,'initial',100,100,'seed',NULL,'Opening stock',1,'2026-03-25 09:00:00'),
(2,2,'initial',101,101,'seed',NULL,'Opening stock',1,'2026-06-02 09:00:00'),
(3,3,'initial',143,143,'seed',NULL,'Opening stock',1,'2026-05-17 09:00:00'),
(4,4,'initial',154,154,'seed',NULL,'Opening stock',1,'2026-06-14 09:00:00'),
(5,5,'initial',152,152,'seed',NULL,'Opening stock',1,'2026-06-08 09:00:00'),
(6,6,'initial',165,165,'seed',NULL,'Opening stock',1,'2026-06-11 09:00:00'),
(7,7,'initial',2,2,'seed',NULL,'Opening stock',1,'2026-04-11 09:00:00'),
(8,8,'initial',209,209,'seed',NULL,'Opening stock',1,'2026-05-02 09:00:00'),
(9,9,'initial',349,349,'seed',NULL,'Opening stock',1,'2026-04-16 09:00:00'),
(10,10,'initial',155,155,'seed',NULL,'Opening stock',1,'2026-06-01 09:00:00'),
(11,11,'initial',151,151,'seed',NULL,'Opening stock',1,'2026-06-12 09:00:00'),
(12,12,'initial',363,363,'seed',NULL,'Opening stock',1,'2026-06-17 09:00:00'),
(13,13,'initial',61,61,'seed',NULL,'Opening stock',1,'2026-05-29 09:00:00'),
(14,14,'initial',7,7,'seed',NULL,'Opening stock',1,'2026-04-30 09:00:00'),
(15,15,'initial',651,651,'seed',NULL,'Opening stock',1,'2026-06-06 09:00:00'),
(16,16,'initial',156,156,'seed',NULL,'Opening stock',1,'2026-06-07 09:00:00'),
(17,17,'initial',879,879,'seed',NULL,'Opening stock',1,'2026-05-11 09:00:00'),
(18,18,'initial',684,684,'seed',NULL,'Opening stock',1,'2026-03-17 09:00:00'),
(19,19,'initial',35,35,'seed',NULL,'Opening stock',1,'2026-03-17 09:00:00'),
(20,20,'initial',840,840,'seed',NULL,'Opening stock',1,'2026-06-15 09:00:00'),
(21,21,'initial',7,7,'seed',NULL,'Opening stock',1,'2026-04-29 09:00:00'),
(22,22,'initial',318,318,'seed',NULL,'Opening stock',1,'2026-04-06 09:00:00'),
(23,23,'initial',63,63,'seed',NULL,'Opening stock',1,'2026-03-24 09:00:00'),
(24,24,'initial',247,247,'seed',NULL,'Opening stock',1,'2026-05-22 09:00:00'),
(25,25,'initial',311,311,'seed',NULL,'Opening stock',1,'2026-05-16 09:00:00'),
(26,26,'initial',137,137,'seed',NULL,'Opening stock',1,'2026-03-19 09:00:00'),
(27,27,'initial',337,337,'seed',NULL,'Opening stock',1,'2026-04-08 09:00:00'),
(28,28,'initial',6,6,'seed',NULL,'Opening stock',1,'2026-06-07 09:00:00'),
(29,29,'initial',287,287,'seed',NULL,'Opening stock',1,'2026-05-08 09:00:00'),
(30,30,'initial',65,65,'seed',NULL,'Opening stock',1,'2026-05-06 09:00:00'),
(31,31,'initial',180,180,'seed',NULL,'Opening stock',1,'2026-05-26 09:00:00'),
(32,32,'initial',618,618,'seed',NULL,'Opening stock',1,'2026-04-25 09:00:00'),
(33,33,'initial',322,322,'seed',NULL,'Opening stock',1,'2026-06-04 09:00:00'),
(34,34,'initial',54,54,'seed',NULL,'Opening stock',1,'2026-04-28 09:00:00'),
(35,35,'initial',21,21,'seed',NULL,'Opening stock',1,'2026-06-20 09:00:00'),
(36,36,'initial',467,467,'seed',NULL,'Opening stock',1,'2026-03-23 09:00:00'),
(37,37,'initial',446,446,'seed',NULL,'Opening stock',1,'2026-05-19 09:00:00'),
(38,38,'initial',50,50,'seed',NULL,'Opening stock',1,'2026-06-19 09:00:00'),
(39,39,'initial',240,240,'seed',NULL,'Opening stock',1,'2026-05-12 09:00:00'),
(40,40,'initial',161,161,'seed',NULL,'Opening stock',1,'2026-04-10 09:00:00'),
(41,41,'initial',105,105,'seed',NULL,'Opening stock',1,'2026-03-30 09:00:00'),
(42,42,'initial',8,8,'seed',NULL,'Opening stock',1,'2026-04-25 09:00:00'),
(43,43,'initial',200,200,'seed',NULL,'Opening stock',1,'2026-03-21 09:00:00'),
(44,44,'initial',108,108,'seed',NULL,'Opening stock',1,'2026-03-22 09:00:00'),
(45,45,'initial',774,774,'seed',NULL,'Opening stock',1,'2026-05-16 09:00:00'),
(46,46,'initial',334,334,'seed',NULL,'Opening stock',1,'2026-06-04 09:00:00'),
(47,47,'initial',216,216,'seed',NULL,'Opening stock',1,'2026-06-07 09:00:00'),
(48,48,'initial',311,311,'seed',NULL,'Opening stock',1,'2026-05-10 09:00:00'),
(49,49,'initial',3,3,'seed',NULL,'Opening stock',1,'2026-04-11 09:00:00'),
(50,50,'initial',29,29,'seed',NULL,'Opening stock',1,'2026-03-26 09:00:00'),
(51,51,'initial',48,48,'seed',NULL,'Opening stock',1,'2026-05-02 09:00:00'),
(52,52,'initial',12,12,'seed',NULL,'Opening stock',1,'2026-06-20 09:00:00'),
(53,53,'initial',61,61,'seed',NULL,'Opening stock',1,'2026-04-30 09:00:00'),
(54,54,'initial',97,97,'seed',NULL,'Opening stock',1,'2026-06-06 09:00:00'),
(55,55,'initial',112,112,'seed',NULL,'Opening stock',1,'2026-04-08 09:00:00'),
(56,56,'initial',20,20,'seed',NULL,'Opening stock',1,'2026-05-03 09:00:00'),
(57,57,'initial',369,369,'seed',NULL,'Opening stock',1,'2026-05-04 09:00:00'),
(58,58,'initial',261,261,'seed',NULL,'Opening stock',1,'2026-04-22 09:00:00'),
(59,59,'initial',399,399,'seed',NULL,'Opening stock',1,'2026-04-19 09:00:00'),
(60,60,'initial',145,145,'seed',NULL,'Opening stock',1,'2026-05-10 09:00:00'),
(61,61,'initial',96,96,'seed',NULL,'Opening stock',1,'2026-03-30 09:00:00'),
(62,62,'initial',375,375,'seed',NULL,'Opening stock',1,'2026-05-03 09:00:00'),
(63,63,'initial',23,23,'seed',NULL,'Opening stock',1,'2026-06-12 09:00:00'),
(64,64,'initial',56,56,'seed',NULL,'Opening stock',1,'2026-04-07 09:00:00'),
(65,65,'initial',299,299,'seed',NULL,'Opening stock',1,'2026-05-05 09:00:00'),
(66,66,'initial',118,118,'seed',NULL,'Opening stock',1,'2026-06-14 09:00:00'),
(67,67,'initial',87,87,'seed',NULL,'Opening stock',1,'2026-04-03 09:00:00'),
(68,68,'initial',541,541,'seed',NULL,'Opening stock',1,'2026-03-16 09:00:00'),
(69,69,'initial',127,127,'seed',NULL,'Opening stock',1,'2026-06-20 09:00:00'),
(70,70,'initial',17,17,'seed',NULL,'Opening stock',1,'2026-05-05 09:00:00'),
(71,71,'initial',178,178,'seed',NULL,'Opening stock',1,'2026-03-30 09:00:00'),
(72,72,'initial',20,20,'seed',NULL,'Opening stock',1,'2026-06-15 09:00:00'),
(73,73,'initial',84,84,'seed',NULL,'Opening stock',1,'2026-04-14 09:00:00'),
(74,74,'initial',144,144,'seed',NULL,'Opening stock',1,'2026-03-18 09:00:00'),
(75,75,'initial',115,115,'seed',NULL,'Opening stock',1,'2026-06-22 09:00:00'),
(76,76,'initial',45,45,'seed',NULL,'Opening stock',1,'2026-03-16 09:00:00'),
(77,77,'initial',2,2,'seed',NULL,'Opening stock',1,'2026-03-14 09:00:00'),
(78,78,'initial',16,16,'seed',NULL,'Opening stock',1,'2026-05-16 09:00:00'),
(79,79,'initial',46,46,'seed',NULL,'Opening stock',1,'2026-03-22 09:00:00'),
(80,80,'initial',113,113,'seed',NULL,'Opening stock',1,'2026-04-30 09:00:00'),
(81,81,'initial',100,100,'seed',NULL,'Opening stock',1,'2026-03-14 09:00:00'),
(82,82,'initial',288,288,'seed',NULL,'Opening stock',1,'2026-05-08 09:00:00'),
(83,83,'initial',282,282,'seed',NULL,'Opening stock',1,'2026-06-22 09:00:00'),
(84,84,'initial',2,2,'seed',NULL,'Opening stock',1,'2026-05-29 09:00:00'),
(85,85,'initial',165,165,'seed',NULL,'Opening stock',1,'2026-04-24 09:00:00'),
(86,86,'initial',182,182,'seed',NULL,'Opening stock',1,'2026-05-03 09:00:00'),
(87,87,'initial',93,93,'seed',NULL,'Opening stock',1,'2026-03-20 09:00:00'),
(88,88,'initial',103,103,'seed',NULL,'Opening stock',1,'2026-06-07 09:00:00'),
(89,89,'initial',786,786,'seed',NULL,'Opening stock',1,'2026-04-18 09:00:00'),
(90,90,'initial',855,855,'seed',NULL,'Opening stock',1,'2026-04-18 09:00:00'),
(91,91,'initial',16,16,'seed',NULL,'Opening stock',1,'2026-04-02 09:00:00'),
(92,92,'initial',554,554,'seed',NULL,'Opening stock',1,'2026-04-15 09:00:00'),
(93,93,'initial',77,77,'seed',NULL,'Opening stock',1,'2026-06-09 09:00:00'),
(94,94,'initial',132,132,'seed',NULL,'Opening stock',1,'2026-06-10 09:00:00'),
(95,95,'initial',59,59,'seed',NULL,'Opening stock',1,'2026-04-16 09:00:00'),
(96,96,'initial',32,32,'seed',NULL,'Opening stock',1,'2026-05-25 09:00:00'),
(97,97,'initial',16,16,'seed',NULL,'Opening stock',1,'2026-03-21 09:00:00'),
(98,98,'initial',1,1,'seed',NULL,'Opening stock',1,'2026-03-18 09:00:00'),
(99,99,'initial',62,62,'seed',NULL,'Opening stock',1,'2026-04-12 09:00:00'),
(100,100,'initial',72,72,'seed',NULL,'Opening stock',1,'2026-04-20 09:00:00');

INSERT INTO expenses (expense_category_id,amount,expense_date,description,paid_by,created_by) VALUES
(1,25000,'2026-07-01','Shop rent — Saratan','Nadia Rahimi',1),
(2,18000,'2026-07-02','Staff salary — Jawed','Nadia Rahimi',1),
(2,16000,'2026-07-02','Staff salary — Zahra','Nadia Rahimi',1),
(3,2300,'2026-07-08','Electricity bill','Farid Ahmadi',1),
(4,1200,'2026-07-03','Internet monthly package','Farid Ahmadi',1),
(6,850,'2026-07-12','Stock transport from Kabul','Nadia Rahimi',1),
(6,1400,'2026-06-29','Transport — Herat shipment','Jawed Karimi',1),
(9,600,'2026-07-06','Shop cleaning supplies','Jawed Karimi',1),
(10,450,'2026-06-25','Receipt books and pens','Zahra Noori',1),
(8,2000,'2026-06-21','Refrigerator maintenance','Farid Ahmadi',1),
(7,1500,'2026-06-18','Signboard repainting','Nadia Rahimi',1),
(5,300,'2026-07-01','Water bill','Farid Ahmadi',1),
(1,25000,'2026-06-01','Shop rent — Jawza','Nadia Rahimi',1),
(2,34000,'2026-06-02','Staff salaries — Jawza','Nadia Rahimi',1);

INSERT INTO incomes (income_category_id,amount,income_date,description,created_by) VALUES
(1,13230,'2026-05-28','Daily counter sales',1),
(3,1145,'2026-05-28','Blood pressure / sugar checks',1),
(1,12522,'2026-05-29','Daily counter sales',1),
(1,15625,'2026-05-30','Daily counter sales',1),
(1,17310,'2026-05-31','Daily counter sales',1),
(2,455,'2026-05-31','Home delivery charges',1),
(1,17616,'2026-06-01','Daily counter sales',1),
(1,20037,'2026-06-02','Daily counter sales',1),
(1,12023,'2026-06-03','Daily counter sales',1),
(1,18584,'2026-06-04','Daily counter sales',1),
(1,16464,'2026-06-05','Daily counter sales',1),
(1,13273,'2026-06-06','Daily counter sales',1),
(2,816,'2026-06-06','Home delivery charges',1),
(3,1126,'2026-06-06','Blood pressure / sugar checks',1),
(1,17211,'2026-06-07','Daily counter sales',1),
(1,11143,'2026-06-08','Daily counter sales',1),
(1,13806,'2026-06-09','Daily counter sales',1),
(1,13343,'2026-06-10','Daily counter sales',1),
(1,20628,'2026-06-11','Daily counter sales',1),
(1,11736,'2026-06-12','Daily counter sales',1),
(2,309,'2026-06-12','Home delivery charges',1),
(1,19453,'2026-06-13','Daily counter sales',1),
(1,16536,'2026-06-14','Daily counter sales',1),
(1,19479,'2026-06-15','Daily counter sales',1),
(3,523,'2026-06-15','Blood pressure / sugar checks',1),
(1,12648,'2026-06-16','Daily counter sales',1),
(1,18478,'2026-06-17','Daily counter sales',1),
(1,11811,'2026-06-18','Daily counter sales',1),
(2,872,'2026-06-18','Home delivery charges',1),
(1,14930,'2026-06-19','Daily counter sales',1),
(1,15862,'2026-06-20','Daily counter sales',1),
(1,19906,'2026-06-21','Daily counter sales',1),
(1,14051,'2026-06-22','Daily counter sales',1),
(1,11987,'2026-06-23','Daily counter sales',1),
(1,13634,'2026-06-24','Daily counter sales',1),
(2,492,'2026-06-24','Home delivery charges',1),
(3,633,'2026-06-24','Blood pressure / sugar checks',1),
(1,11161,'2026-06-25','Daily counter sales',1),
(1,11593,'2026-06-26','Daily counter sales',1),
(1,19510,'2026-06-27','Daily counter sales',1),
(1,15617,'2026-06-28','Daily counter sales',1),
(1,14993,'2026-06-29','Daily counter sales',1),
(1,11334,'2026-06-30','Daily counter sales',1),
(2,387,'2026-06-30','Home delivery charges',1),
(1,17109,'2026-07-01','Daily counter sales',1),
(1,13921,'2026-07-02','Daily counter sales',1),
(1,16879,'2026-07-03','Daily counter sales',1),
(3,1043,'2026-07-03','Blood pressure / sugar checks',1),
(1,11503,'2026-07-04','Daily counter sales',1),
(1,20749,'2026-07-05','Daily counter sales',1),
(1,12015,'2026-07-06','Daily counter sales',1),
(2,824,'2026-07-06','Home delivery charges',1),
(1,11263,'2026-07-07','Daily counter sales',1),
(1,16599,'2026-07-08','Daily counter sales',1),
(1,13141,'2026-07-09','Daily counter sales',1),
(1,16531,'2026-07-10','Daily counter sales',1),
(1,12158,'2026-07-11','Daily counter sales',1),
(1,18611,'2026-07-12','Daily counter sales',1),
(2,732,'2026-07-12','Home delivery charges',1),
(3,982,'2026-07-12','Blood pressure / sugar checks',1);


INSERT INTO purchases (id,invoice_number,supplier_id,purchase_date,subtotal,discount,shipping,tax,grand_total,paid_amount,payment_status,notes,created_by) VALUES
(1,'PUR-2026-0339',3,'2026-07-09',127500.00,600.00,2000.00,0.00,128900.00,0.00,'unpaid','31 items — Herat consignment',1),
(2,'PUR-2026-0340',2,'2026-07-11',95150.00,0.00,1000.00,0.00,96150.00,32000.00,'partial','7 items',1),
(3,'PUR-2026-0341',1,'2026-07-12',42100.00,500.00,1000.00,0.00,42600.00,42600.00,'paid','18 items — morning delivery',1);
INSERT INTO supplier_ledger (supplier_id,entry_type,debit,credit,balance_after,reference_id,note,created_by) VALUES
(3,'purchase',128900.00,0.00,128900.00,1,'Invoice PUR-2026-0339',1),
(2,'purchase',96150.00,0.00,96150.00,2,'Invoice PUR-2026-0340',1),
(2,'payment',0.00,32000.00,64150.00,2,'Cash payment on delivery',1),
(1,'purchase',42600.00,0.00,42600.00,3,'Invoice PUR-2026-0341',1),
(1,'payment',0.00,42600.00,0.00,3,'Paid in full',1);
UPDATE suppliers SET balance = 128900.00 WHERE id = 3;
UPDATE suppliers SET balance = 64150.00  WHERE id = 2;


INSERT INTO settings (setting_key,setting_value) VALUES
('max_discount_percent','10'),('hold_expire_days','7'),('receipt_footer','Thank you — get well soon!'),
('company_name','Arya Pharmacy'),('company_phone','+93 70 000 0000'),('company_address','Kabul, Afghanistan'),
('currency','AFN'),('language','en'),('theme','light'),('tax_percent','0'),
('low_stock_threshold','0'),('expiry_warning_days','90'),('backup_auto','1'),
('backup_every_hours','24'),('last_auto_backup',NULL),('installed','1');

SET FOREIGN_KEY_CHECKS = 1;
